Business Year,State,Insurer ID,Price Gap,Price Gap (Previous Year),Market Share (%),Market Share (%) (Previous Year),Medicaid Expansion Impact,Medicaid Expansion Impact (Previous Year),Plan Count,Plan Count (Previous Year),Market Exit
2023,Alabama,12538,-13,,0.027681661,,0,,8,,0
2024,Alabama,12538,-13,-13,0.027210884,0.027681661,0,0,8,8,0
2025,Alabama,12538,-13,-13,0.028673835,0.027210884,0,0,8,8,0
2023,Alabama,17540,-13,,0.020761246,,0,,6,,0
2024,Alabama,17540,-13,-13,0.020408163,0.020761246,0,0,6,6,0
2025,Alabama,17540,-13,-13,0.021505376,0.020408163,0,0,6,6,0
2023,Alabama,18239,-13,,0.027681661,,0,,8,,0
2024,Alabama,18239,-13,-13,0.027210884,0.027681661,0,0,8,8,0
2025,Alabama,18239,-13,-13,0.028673835,0.027210884,0,0,8,8,0
2023,Alabama,18756,-13,,0.003460208,,0,,1,,1
2023,Alabama,28725,-13,,0.034602076,,0,,10,,0
2024,Alabama,28725,-13,-13,0.034013605,0.034602076,0,0,10,10,0
2025,Alabama,28725,-13,-13,0.035842294,0.034013605,0,0,10,10,0
2023,Alabama,44580,-13,,0.020761246,,0,,6,,0
2024,Alabama,44580,-13,-13,0.020408163,0.020761246,0,0,6,6,0
2025,Alabama,44580,-13,-13,0.021505376,0.020408163,0,0,6,6,0
2023,Alabama,46363,-13,,0.01384083,,0,,4,,0
2024,Alabama,46363,-13,-13,0.013605442,0.01384083,0,0,4,4,0
2025,Alabama,46363,-13,-13,0.014336918,0.013605442,0,0,4,4,0
2023,Alabama,46944,-13,,0.256055363,,0,,74,,0
2024,Alabama,46944,-13,-13,0.258503401,0.256055363,0,0,76,74,0
2025,Alabama,46944,-13,-13,0.272401434,0.258503401,0,0,76,76,0
2023,Alabama,53932,-13,,0.321799308,,0,,93,,0
2024,Alabama,53932,-13,-13,0.326530612,0.321799308,0,0,96,93,0
2025,Alabama,53932,-13,-13,0.297491039,0.326530612,0,0,83,96,0
2023,Alabama,60075,-13,,0.01384083,,0,,4,,0
2024,Alabama,60075,-13,-13,0.013605442,0.01384083,0,0,4,4,0
2025,Alabama,60075,-13,-13,0.021505376,0.013605442,0,0,6,4,0
2023,Alabama,69461,-13,,0.24567474,,0,,71,,0
2024,Alabama,69461,-13,-13,0.241496599,0.24567474,0,0,71,71,0
2025,Alabama,69461,-13,-13,0.240143369,0.241496599,0,0,67,71,0
2023,Alabama,82285,-13,,0.01384083,,0,,4,,0
2024,Alabama,82285,-13,-13,0.017006803,0.01384083,0,0,5,4,0
2025,Alabama,82285,-13,-13,0.017921147,0.017006803,0,0,5,5,0
2026,Alabama,,-13,,,,0,,0,,0
2023,Alaska,21989,-13,,0.278846154,,2.278361637,,29,,0
2024,Alaska,21989,-13,-13,0.278846154,0.278846154,2.278361637,2.278361637,29,29,0
2025,Alaska,21989,-13,-13,0.287128713,0.278846154,2.278361637,2.278361637,29,29,0
2023,Alaska,38344,-13,,0.317307692,,2.278361637,,33,,0
2024,Alaska,38344,-13,-13,0.317307692,0.317307692,2.278361637,2.278361637,33,33,0
2025,Alaska,38344,-13,-13,0.297029703,0.317307692,2.278361637,2.278361637,30,33,0
2024,Alaska,73836,-13,,0.326923077,,2.278361637,,34,,0
2025,Alaska,73836,-13,-13,0.336633663,0.326923077,2.278361637,2.278361637,34,34,0
2023,Alaska,74819,-13,,0.076923077,,2.278361637,,8,,0
2024,Alaska,74819,-13,-13,0.076923077,0.076923077,2.278361637,2.278361637,8,8,0
2025,Alaska,74819,-13,-13,0.079207921,0.076923077,2.278361637,2.278361637,8,8,0
2023,Alaska,77963,-13,,0.326923077,,2.278361637,,34,,1
2026,Alaska,,-13,,,,2.278361637,,0,,0
2023,Arizona,12303,-13,,0.00433213,,1.203671178,,6,,0
2024,Arizona,12303,-13,-13,0.005025126,0.00433213,1.203671178,1.203671178,6,6,0
2025,Arizona,12303,-13,-13,0.005474453,0.005025126,1.203671178,1.203671178,6,6,0
2023,Arizona,13877,-13,,0.076534296,,1.203671178,,106,,0
2024,Arizona,13877,-13,-13,0.054438861,0.076534296,1.203671178,1.203671178,65,106,0
2025,Arizona,13877,-13,-13,0.052007299,0.054438861,1.203671178,1.203671178,57,65,0
2023,Arizona,17100,-13,,0.000722022,,1.203671178,,1,,0
2024,Arizona,17100,-13,-13,0.000837521,0.000722022,1.203671178,1.203671178,1,1,0
2025,Arizona,17100,-13,-13,0.000912409,0.000837521,1.203671178,1.203671178,1,1,0
2023,Arizona,17454,-13,,0.007220217,,1.203671178,,10,,0
2024,Arizona,17454,-13,-13,0.008375209,0.007220217,1.203671178,1.203671178,10,10,0
2025,Arizona,17454,-13,-13,0.00729927,0.008375209,1.203671178,1.203671178,8,10,0
2023,Arizona,23435,-13,,0.03465704,,1.203671178,,48,,0
2024,Arizona,23435,-13,-13,0.049413735,0.03465704,1.203671178,1.203671178,59,48,0
2025,Arizona,23435,-13,-13,0.071167883,0.049413735,1.203671178,1.203671178,78,59,0
2023,Arizona,24106,-13,,0.002888087,,1.203671178,,4,,0
2024,Arizona,24106,-13,-13,0.003350084,0.002888087,1.203671178,1.203671178,4,4,0
2025,Arizona,24106,-13,-13,0.005474453,0.003350084,1.203671178,1.203671178,6,4,0
2023,Arizona,30045,-13,,0.002888087,,1.203671178,,4,,0
2024,Arizona,30045,-13,-13,0.003350084,0.002888087,1.203671178,1.203671178,4,4,0
2025,Arizona,30045,-13,-13,0.003649635,0.003350084,1.203671178,1.203671178,4,4,0
2023,Arizona,32311,-13,,0.033212996,,1.203671178,,46,,0
2024,Arizona,32311,-13,-13,0.035175879,0.033212996,1.203671178,1.203671178,42,46,1
2023,Arizona,34095,-13,,0.001444043,,1.203671178,,2,,0
2024,Arizona,34095,-13,-13,0.001675042,0.001444043,1.203671178,1.203671178,2,2,0
2025,Arizona,34095,-13,-13,0.001824818,0.001675042,1.203671178,1.203671178,2,2,0
2023,Arizona,40702,-13,,0.075090253,,1.203671178,,104,,0
2024,Arizona,40702,-13,-13,0.06281407,0.075090253,1.203671178,1.203671178,75,104,0
2025,Arizona,40702,-13,-13,0.064781022,0.06281407,1.203671178,1.203671178,71,75,0
2023,Arizona,53613,-13,,0.003610108,,1.203671178,,5,,0
2024,Arizona,53613,-13,-13,0.004187605,0.003610108,1.203671178,1.203671178,5,5,0
2025,Arizona,53613,-13,-13,0.004562044,0.004187605,1.203671178,1.203671178,5,5,0
2023,Arizona,53901,-13,,0.503971119,,1.203671178,,698,,0
2024,Arizona,53901,-13,-13,0.549413735,0.503971119,1.203671178,1.203671178,656,698,0
2025,Arizona,53901,-13,-13,0.561131387,0.549413735,1.203671178,1.203671178,615,656,0
2023,Arizona,58669,-13,,0.007220217,,1.203671178,,10,,0
2024,Arizona,58669,-13,-13,0.008375209,0.007220217,1.203671178,1.203671178,10,10,1
2023,Arizona,66105,-13,,0.002888087,,1.203671178,,4,,0
2024,Arizona,66105,-13,-13,0.003350084,0.002888087,1.203671178,1.203671178,4,4,0
2025,Arizona,66105,-13,-13,0.003649635,0.003350084,1.203671178,1.203671178,4,4,0
2025,Arizona,68445,-13,,0.070255474,,1.203671178,,77,,0
2023,Arizona,77352,-13,,0.005776173,,1.203671178,,8,,0
2024,Arizona,77352,-13,-13,0.006700168,0.005776173,1.203671178,1.203671178,8,8,0
2025,Arizona,77352,-13,-13,0.00729927,0.006700168,1.203671178,1.203671178,8,8,0
2024,Arizona,82011,-13,,0.001675042,,1.203671178,,2,,0
2025,Arizona,82011,-13,-13,0.001824818,0.001675042,1.203671178,1.203671178,2,2,0
2023,Arizona,85533,-13,,0.018772563,,1.203671178,,26,,0
2024,Arizona,85533,-13,-13,0.021775544,0.018772563,1.203671178,1.203671178,26,26,0
2025,Arizona,85533,-13,-13,0.023722628,0.021775544,1.203671178,1.203671178,26,26,0
2023,Arizona,86830,-13,,0.002166065,,1.203671178,,3,,0
2024,Arizona,86830,-13,-13,0.002512563,0.002166065,1.203671178,1.203671178,3,3,0
2025,Arizona,86830,-13,-13,0.001824818,0.002512563,1.203671178,1.203671178,2,3,0
2023,Arizona,91450,-13,,0.149458484,,1.203671178,,207,,0
2024,Arizona,91450,-13,-13,0.12479062,0.149458484,1.203671178,1.203671178,149,207,0
2025,Arizona,91450,-13,-13,0.075729927,0.12479062,1.203671178,1.203671178,83,149,0
2023,Arizona,97667,-13,,0.067148014,,1.203671178,,93,,0
2024,Arizona,97667,-13,-13,0.052763819,0.067148014,1.203671178,1.203671178,63,93,0
2025,Arizona,97667,-13,-13,0.037408759,0.052763819,1.203671178,1.203671178,41,63,0
2026,Arizona,,-13,,,,1.203671178,,0,,0
2023,Arkansas,13262,-21,,0.072368421,,1.404023068,,22,,0
2024,Arkansas,13262,-21,-21,0.085526316,0.072368421,1.404023068,1.404023068,26,22,0
2025,Arkansas,13262,-21,-21,0.113793103,0.085526316,1.404023068,1.404023068,33,26,0
2023,Arkansas,26904,-21,,0.026315789,,1.404023068,,8,,1
2025,Arkansas,26904,-21,-21,0.027586207,0.026315789,1.404023068,1.404023068,8,8,0
2023,Arkansas,28348,-21,,0.016447368,,1.404023068,,5,,0
2024,Arkansas,28348,-21,-21,0.016447368,0.016447368,1.404023068,1.404023068,5,5,0
2025,Arkansas,28348,-21,-21,0.017241379,0.016447368,1.404023068,1.404023068,5,5,0
2023,Arkansas,37903,-21,,0.095394737,,1.404023068,,29,,0
2024,Arkansas,37903,-21,-21,0.095394737,0.095394737,1.404023068,1.404023068,29,29,0
2025,Arkansas,37903,-21,-21,0.1,0.095394737,1.404023068,1.404023068,29,29,0
2024,Arkansas,38545,-21,,0.013157895,,1.404023068,,4,,0
2025,Arkansas,38545,-21,-21,0.020689655,0.013157895,1.404023068,1.404023068,6,4,0
2024,Arkansas,48772,-21,,0.085526316,,1.404023068,,26,,0
2025,Arkansas,48772,-21,-21,0.113793103,0.085526316,1.404023068,1.404023068,33,26,0
2023,Arkansas,62141,-21,,0.411184211,,1.404023068,,125,,0
2024,Arkansas,62141,-21,-21,0.388157895,0.411184211,1.404023068,1.404023068,118,125,0
2025,Arkansas,62141,-21,-21,0.310344828,0.388157895,1.404023068,1.404023068,90,118,0
2023,Arkansas,70525,-21,,0.121710526,,1.404023068,,37,,0
2024,Arkansas,70525,-21,-21,0.121710526,0.121710526,1.404023068,1.404023068,37,37,0
2025,Arkansas,70525,-21,-21,0.127586207,0.121710526,1.404023068,1.404023068,37,37,0
2023,Arkansas,75293,-21,,0.256578947,,1.404023068,,78,,0
2024,Arkansas,75293,-21,-21,0.194078947,0.256578947,1.404023068,1.404023068,59,78,0
2025,Arkansas,75293,-21,-21,0.168965517,0.194078947,1.404023068,1.404023068,49,59,0
2026,Arkansas,,-21,,,,1.404023068,,0,,0
2023,California,,-48,,,,2.538435386,,0,,1
2024,California,,-48,,,,2.538435386,,0,,1
2025,California,,-48,,,,2.538435386,,0,,0
2026,California,,-48,,,,2.538435386,,0,,0
2023,Colorado,,-22,,,,1.351963495,,0,,1
2024,Colorado,,-22,,,,1.351963495,,0,,1
2025,Colorado,,-22,,,,1.351963495,,0,,0
2026,Colorado,,-22,,,,1.351963495,,0,,0
2023,Connecticut,,-113,,,,2.083929316,,0,,1
2024,Connecticut,,-113,,,,2.083929316,,0,,1
2025,Connecticut,,-113,,,,2.083929316,,0,,0
2026,Connecticut,,-113,,,,2.083929316,,0,,0
2023,Delaware,26018,-6,,0.018181818,,1.291813871,,3,,0
2024,Delaware,26018,-6,-6,0.010416667,0.018181818,1.291813871,1.291813871,3,3,0
2025,Delaware,26018,-6,-6,0.012658228,0.010416667,1.291813871,1.291813871,3,3,0
2024,Delaware,64004,-6,,0.416666667,,1.291813871,,120,,0
2025,Delaware,64004,-6,-6,0.35021097,0.416666667,1.291813871,1.291813871,83,120,0
2023,Delaware,67190,-6,,0.290909091,,1.291813871,,48,,0
2024,Delaware,67190,-6,-6,0.125,0.290909091,1.291813871,1.291813871,36,48,0
2025,Delaware,67190,-6,-6,0.046413502,0.125,1.291813871,1.291813871,11,36,0
2023,Delaware,67775,-6,,0.121212121,,1.291813871,,20,,0
2024,Delaware,67775,-6,-6,0.069444444,0.121212121,1.291813871,1.291813871,20,20,0
2025,Delaware,67775,-6,-6,0.084388186,0.069444444,1.291813871,1.291813871,20,20,0
2023,Delaware,72760,-6,,0.115151515,,1.291813871,,19,,0
2024,Delaware,72760,-6,-6,0.104166667,0.115151515,1.291813871,1.291813871,30,19,0
2025,Delaware,72760,-6,-6,0.172995781,0.104166667,1.291813871,1.291813871,41,30,0
2023,Delaware,76168,-6,,0.454545455,,1.291813871,,75,,0
2024,Delaware,76168,-6,-6,0.274305556,0.454545455,1.291813871,1.291813871,79,75,0
2025,Delaware,76168,-6,-6,0.333333333,0.274305556,1.291813871,1.291813871,79,79,0
2026,Delaware,,-6,,,,1.291813871,,0,,0
2023,District of Columbia,,-45,,,,7.970596115,,0,,1
2024,District of Columbia,,-45,,,,7.970596115,,0,,1
2025,District of Columbia,,-45,,,,7.970596115,,0,,0
2026,District of Columbia,,-45,,,,7.970596115,,0,,0
2023,Florida,15833,-9,,0.003756574,,0,,10,,0
2024,Florida,15833,-9,-9,0.004918839,0.003756574,0,0,10,10,0
2025,Florida,15833,-9,-9,0.005186722,0.004918839,0,0,10,10,0
2023,Florida,15980,-9,,0.002253944,,0,,6,,0
2024,Florida,15980,-9,-9,0.002951303,0.002253944,0,0,6,6,0
2025,Florida,15980,-9,-9,0.003112033,0.002951303,0,0,6,6,0
2023,Florida,16842,-9,,0.060105184,,0,,160,,0
2024,Florida,16842,-9,-9,0.063944909,0.060105184,0,0,130,160,0
2025,Florida,16842,-9,-9,0.080912863,0.063944909,0,0,156,130,0
2023,Florida,17121,-9,,0.003005259,,0,,8,,0
2024,Florida,17121,-9,-9,0.003935071,0.003005259,0,0,8,8,0
2025,Florida,17121,-9,-9,0.004149378,0.003935071,0,0,8,8,0
2023,Florida,18628,-9,,0.07513148,,0,,200,,0
2024,Florida,18628,-9,-9,0.023610428,0.07513148,0,0,48,200,0
2025,Florida,18628,-9,-9,0.034751037,0.023610428,0,0,67,48,0
2023,Florida,19898,-9,,0.17918858,,0,,477,,0
2024,Florida,19898,-9,-9,0.229709788,0.17918858,0,0,467,477,0
2025,Florida,19898,-9,-9,0.171680498,0.229709788,0,0,331,467,0
2023,Florida,21663,-9,,0.09541698,,0,,254,,0
2024,Florida,21663,-9,-9,0.11805214,0.09541698,0,0,240,254,1
2023,Florida,30115,-9,,0.003005259,,0,,8,,0
2024,Florida,30115,-9,-9,0.003935071,0.003005259,0,0,8,8,0
2025,Florida,30115,-9,-9,0.004149378,0.003935071,0,0,8,8,0
2023,Florida,30219,-9,,0.000375657,,0,,1,,0
2024,Florida,30219,-9,-9,0.000491884,0.000375657,0,0,1,1,1
2023,Florida,30252,-9,,0.140871525,,0,,375,,0
2024,Florida,30252,-9,-9,0.149040826,0.140871525,0,0,303,375,0
2025,Florida,30252,-9,-9,0.205912863,0.149040826,0,0,397,303,0
2023,Florida,36194,-9,,0.045078888,,0,,120,,0
2024,Florida,36194,-9,-9,0.04525332,0.045078888,0,0,92,120,0
2025,Florida,36194,-9,-9,0.055497925,0.04525332,0,0,107,92,0
2023,Florida,40572,-9,,0.101427498,,0,,270,,0
2024,Florida,40572,-9,-9,0.065912445,0.101427498,0,0,134,270,0
2025,Florida,40572,-9,-9,0.059128631,0.065912445,0,0,114,134,0
2023,Florida,43274,-9,,0.002253944,,0,,6,,0
2024,Florida,43274,-9,-9,0.002951303,0.002253944,0,0,6,6,0
2025,Florida,43274,-9,-9,0.003112033,0.002951303,0,0,6,6,0
2025,Florida,44228,-9,,0.032157676,,0,,62,,0
2023,Florida,48121,-9,,0.047332832,,0,,126,,0
2024,Florida,48121,-9,-9,0.034431874,0.047332832,0,0,70,126,0
2025,Florida,48121,-9,-9,0.026452282,0.034431874,0,0,51,70,0
2023,Florida,48129,-9,,0.003756574,,0,,10,,0
2024,Florida,48129,-9,-9,0.004918839,0.003756574,0,0,10,10,0
2025,Florida,48129,-9,-9,0.005186722,0.004918839,0,0,10,10,0
2025,Florida,49004,-9,,0.100622407,,0,,194,,0
2023,Florida,54172,-9,,0.018031555,,0,,48,,0
2024,Florida,54172,-9,-9,0.027053615,0.018031555,0,0,55,48,0
2025,Florida,54172,-9,-9,0.028526971,0.027053615,0,0,55,55,0
2023,Florida,56503,-9,,0.077385424,,0,,206,,0
2024,Florida,56503,-9,-9,0.08165273,0.077385424,0,0,166,206,0
2025,Florida,56503,-9,-9,0.06846473,0.08165273,0,0,132,166,0
2023,Florida,59667,-9,,0.002253944,,0,,6,,0
2024,Florida,59667,-9,-9,0.002951303,0.002253944,0,0,6,6,0
2025,Florida,59667,-9,-9,0.003112033,0.002951303,0,0,6,6,0
2023,Florida,66966,-9,,0.011269722,,0,,30,,0
2024,Florida,66966,-9,-9,0.014756517,0.011269722,0,0,30,30,0
2025,Florida,66966,-9,-9,0.015560166,0.014756517,0,0,30,30,0
2023,Florida,67926,-9,,0.007137491,,0,,19,,0
2024,Florida,67926,-9,-9,0.014756517,0.007137491,0,0,30,19,0
2025,Florida,67926,-9,-9,0.02126556,0.014756517,0,0,41,30,0
2023,Florida,68398,-9,,0.040195342,,0,,107,,0
2024,Florida,68398,-9,-9,0.040334481,0.040195342,0,0,82,107,0
2025,Florida,68398,-9,-9,0.038381743,0.040334481,0,0,74,82,0
2024,Florida,74243,-9,,0.005902607,,0,,12,,0
2025,Florida,74243,-9,-9,0.006224066,0.005902607,0,0,12,12,0
2023,Florida,86382,-9,,0.044327573,,0,,118,,0
2024,Florida,86382,-9,-9,0.051155927,0.044327573,0,0,104,118,0
2025,Florida,86382,-9,-9,0.019190871,0.051155927,0,0,37,104,0
2023,Florida,92120,-9,,0.030052592,,0,,80,,1
2023,Florida,97725,-9,,0.003380917,,0,,9,,0
2024,Florida,97725,-9,-9,0.004426955,0.003380917,0,0,9,9,0
2025,Florida,97725,-9,-9,0.00466805,0.004426955,0,0,9,9,0
2023,Florida,98534,-9,,0.000375657,,0,,1,,0
2024,Florida,98534,-9,-9,0.000491884,0.000375657,0,0,1,1,1
2023,Florida,98869,-9,,0.001878287,,0,,5,,0
2024,Florida,98869,-9,-9,0.00245942,0.001878287,0,0,5,5,0
2025,Florida,98869,-9,-9,0.002593361,0.00245942,0,0,5,5,0
2023,Florida,99787,-9,,0.000751315,,0,,2,,1
2026,Florida,,-9,,,,0,,0,,0
2023,Georgia,15105,-11,,0.057498518,,0,,97,,0
2024,Georgia,15105,-11,-11,0.051302932,0.057498518,0,0,63,97,1
2023,Georgia,22500,-11,,0.002371073,,0,,4,,0
2024,Georgia,22500,-11,-11,0.003257329,0.002371073,0,0,4,4,1
2023,Georgia,37001,-11,,0.001185536,,0,,2,,0
2024,Georgia,37001,-11,-11,0.001628664,0.001185536,0,0,2,2,1
2023,Georgia,37301,-11,,0.002963841,,0,,5,,0
2024,Georgia,37301,-11,-11,0.004071661,0.002963841,0,0,5,5,1
2023,Georgia,43802,-11,,0.057498518,,0,,97,,0
2024,Georgia,43802,-11,-11,0.066775244,0.057498518,0,0,82,97,1
2024,Georgia,45334,-11,,0.029315961,,0,,36,,1
2023,Georgia,49046,-11,,0.195613515,,0,,330,,0
2024,Georgia,49046,-11,-11,0.230456026,0.195613515,0,0,283,330,1
2023,Georgia,55612,-11,,0.000592768,,0,,1,,1
2023,Georgia,58081,-11,,0.078245406,,0,,132,,0
2024,Georgia,58081,-11,-11,0.052931596,0.078245406,0,0,65,132,1
2023,Georgia,60224,-11,,0.054534677,,0,,92,,0
2024,Georgia,60224,-11,-11,0.063517915,0.054534677,0,0,78,92,1
2023,Georgia,63940,-11,,0.001185536,,0,,2,,1
2023,Georgia,64357,-11,,0.007113219,,0,,12,,0
2024,Georgia,64357,-11,-11,0.009771987,0.007113219,0,0,12,12,1
2023,Georgia,68806,-11,,0.003556609,,0,,6,,0
2024,Georgia,68806,-11,-11,0.004885993,0.003556609,0,0,6,6,1
2023,Georgia,70893,-11,,0.183165382,,0,,309,,0
2024,Georgia,70893,-11,-11,0.131107492,0.183165382,0,0,161,309,1
2023,Georgia,82824,-11,,0.071132187,,0,,120,,0
2024,Georgia,82824,-11,-11,0.042345277,0.071132187,0,0,52,120,1
2023,Georgia,83502,-11,,0.004742146,,0,,8,,0
2024,Georgia,83502,-11,-11,0.006514658,0.004742146,0,0,8,8,1
2023,Georgia,83761,-11,,0.111440427,,0,,188,,0
2024,Georgia,83761,-11,-11,0.179153094,0.111440427,0,0,220,188,1
2023,Georgia,86637,-11,,0.004149378,,0,,7,,0
2024,Georgia,86637,-11,-11,0.002442997,0.004149378,0,0,3,7,1
2023,Georgia,89942,-11,,0.099585062,,0,,168,,0
2024,Georgia,89942,-11,-11,0.120521173,0.099585062,0,0,148,168,1
2023,Georgia,90617,-11,,0.0634262,,0,,107,,1
2025,Georgia,,-11,,,,0,,0,,0
2026,Georgia,,-11,,,,0,,0,,0
2023,Hawaii,10046,-8,,0.071428571,,5.311102983,,8,,0
2024,Hawaii,10046,-8,-8,0.082474227,0.071428571,5.311102983,5.311102983,8,8,0
2025,Hawaii,10046,-8,-8,0.081632653,0.082474227,5.311102983,5.311102983,8,8,0
2023,Hawaii,18350,-8,,0.348214286,,5.311102983,,39,,0
2024,Hawaii,18350,-8,-8,0.402061856,0.348214286,5.311102983,5.311102983,39,39,0
2025,Hawaii,18350,-8,-8,0.397959184,0.402061856,5.311102983,5.311102983,39,39,0
2025,Hawaii,31358,-8,,0.040816327,,5.311102983,,4,,0
2023,Hawaii,46082,-8,,0.071428571,,5.311102983,,8,,0
2024,Hawaii,46082,-8,-8,0.082474227,0.071428571,5.311102983,5.311102983,8,8,0
2025,Hawaii,46082,-8,-8,0.081632653,0.082474227,5.311102983,5.311102983,8,8,0
2023,Hawaii,60612,-8,,0.508928571,,5.311102983,,57,,0
2024,Hawaii,60612,-8,-8,0.432989691,0.508928571,5.311102983,5.311102983,42,57,0
2025,Hawaii,60612,-8,-8,0.397959184,0.432989691,5.311102983,5.311102983,39,42,0
2026,Hawaii,,-8,,,,5.311102983,,0,,0
2023,Idaho,,-6,,,,0.75614494,,0,,1
2024,Idaho,,-6,,,,0.75614494,,0,,1
2025,Idaho,,-6,,,,0.75614494,,0,,0
2026,Idaho,,-6,,,,0.75614494,,0,,0
2023,Illinois,11574,-11,,0.076335878,,1.747045506,,150,,0
2024,Illinois,11574,-11,-11,0.048803828,0.076335878,1.747045506,1.747045506,102,150,0
2025,Illinois,11574,-11,-11,0.038331454,0.048803828,1.747045506,1.747045506,68,102,0
2024,Illinois,13947,-11,,0.000956938,,1.747045506,,2,,0
2025,Illinois,13947,-11,-11,0.000563698,0.000956938,1.747045506,1.747045506,1,2,0
2023,Illinois,18715,-11,,0.001017812,,1.747045506,,2,,0
2024,Illinois,18715,-11,-11,0.000956938,0.001017812,1.747045506,1.747045506,2,2,1
2023,Illinois,20129,-11,,0.035114504,,1.747045506,,69,,0
2024,Illinois,20129,-11,-11,0.024401914,0.035114504,1.747045506,1.747045506,51,69,0
2025,Illinois,20129,-11,-11,0.038895152,0.024401914,1.747045506,1.747045506,69,51,0
2024,Illinois,20545,-11,,0.001913876,,1.747045506,,4,,0
2025,Illinois,20545,-11,-11,0.002254791,0.001913876,1.747045506,1.747045506,4,4,0
2023,Illinois,27833,-11,,0.096183206,,1.747045506,,189,,0
2024,Illinois,27833,-11,-11,0.061244019,0.096183206,1.747045506,1.747045506,128,189,0
2025,Illinois,27833,-11,-11,0.046786922,0.061244019,1.747045506,1.747045506,83,128,0
2023,Illinois,32355,-11,,0.016793893,,1.747045506,,33,,0
2024,Illinois,32355,-11,-11,0.019138756,0.016793893,1.747045506,1.747045506,40,33,0
2025,Illinois,32355,-11,-11,0.022547914,0.019138756,1.747045506,1.747045506,40,40,0
2023,Illinois,36096,-11,,0.490585242,,1.747045506,,964,,0
2024,Illinois,36096,-11,-11,0.501435407,0.490585242,1.747045506,1.747045506,1048,964,0
2025,Illinois,36096,-11,-11,0.604847802,0.501435407,1.747045506,1.747045506,1073,1048,0
2023,Illinois,42529,-11,,0.045292621,,1.747045506,,89,,0
2024,Illinois,42529,-11,-11,0.03923445,0.045292621,1.747045506,1.747045506,82,89,0
2025,Illinois,42529,-11,-11,0.037767756,0.03923445,1.747045506,1.747045506,67,82,0
2023,Illinois,43241,-11,,0.001017812,,1.747045506,,2,,0
2024,Illinois,43241,-11,-11,0.000956938,0.001017812,1.747045506,1.747045506,2,2,0
2025,Illinois,43241,-11,-11,0.001127396,0.000956938,1.747045506,1.747045506,2,2,0
2023,Illinois,45634,-11,,0.004071247,,1.747045506,,8,,0
2024,Illinois,45634,-11,-11,0.003827751,0.004071247,1.747045506,1.747045506,8,8,0
2025,Illinois,45634,-11,-11,0.004509583,0.003827751,1.747045506,1.747045506,8,8,0
2023,Illinois,52129,-11,,0.000508906,,1.747045506,,1,,0
2024,Illinois,52129,-11,-11,0.000478469,0.000508906,1.747045506,1.747045506,1,1,1
2023,Illinois,53882,-11,,0.088549618,,1.747045506,,174,,0
2024,Illinois,53882,-11,-11,0.035406699,0.088549618,1.747045506,1.747045506,74,174,0
2025,Illinois,53882,-11,-11,0.016910936,0.035406699,1.747045506,1.747045506,30,74,0
2023,Illinois,54322,-11,,0.02086514,,1.747045506,,41,,0
2024,Illinois,54322,-11,-11,0.013875598,0.02086514,1.747045506,1.747045506,29,41,0
2025,Illinois,54322,-11,-11,0.016347238,0.013875598,1.747045506,1.747045506,29,29,0
2023,Illinois,60600,-11,,0.005597964,,1.747045506,,11,,0
2024,Illinois,60600,-11,-11,0.005263158,0.005597964,1.747045506,1.747045506,11,11,0
2025,Illinois,60600,-11,-11,0.006764374,0.005263158,1.747045506,1.747045506,12,11,0
2023,Illinois,65280,-11,,0.031552163,,1.747045506,,62,,0
2024,Illinois,65280,-11,-11,0.025837321,0.031552163,1.747045506,1.747045506,54,62,1
2023,Illinois,68303,-11,,0.003053435,,1.747045506,,6,,0
2024,Illinois,68303,-11,-11,0.002870813,0.003053435,1.747045506,1.747045506,6,6,0
2025,Illinois,68303,-11,-11,0.003382187,0.002870813,1.747045506,1.747045506,6,6,0
2024,Illinois,72547,-11,,0.022966507,,1.747045506,,48,,0
2025,Illinois,72547,-11,-11,0.006200676,0.022966507,1.747045506,1.747045506,11,48,0
2023,Illinois,80839,-11,,0.005089059,,1.747045506,,10,,0
2024,Illinois,80839,-11,-11,0.004784689,0.005089059,1.747045506,1.747045506,10,10,1
2023,Illinois,83350,-11,,0.000508906,,1.747045506,,1,,0
2024,Illinois,83350,-11,-11,0.000478469,0.000508906,1.747045506,1.747045506,1,1,1
2023,Illinois,84033,-11,,0.001017812,,1.747045506,,2,,0
2024,Illinois,84033,-11,-11,0.000956938,0.001017812,1.747045506,1.747045506,2,2,0
2025,Illinois,84033,-11,-11,0.001127396,0.000956938,1.747045506,1.747045506,2,2,0
2023,Illinois,85099,-11,,0.005089059,,1.747045506,,10,,0
2024,Illinois,85099,-11,-11,0.004784689,0.005089059,1.747045506,1.747045506,10,10,0
2025,Illinois,85099,-11,-11,0.004509583,0.004784689,1.747045506,1.747045506,8,10,0
2023,Illinois,85773,-11,,0.044783715,,1.747045506,,88,,0
2024,Illinois,85773,-11,-11,0.102392344,0.044783715,1.747045506,1.747045506,214,88,0
2025,Illinois,85773,-11,-11,0.099210823,0.102392344,1.747045506,1.747045506,176,214,0
2023,Illinois,87304,-11,,0.002544529,,1.747045506,,5,,0
2024,Illinois,87304,-11,-11,0.002392344,0.002544529,1.747045506,1.747045506,5,5,0
2025,Illinois,87304,-11,-11,0.001127396,0.002392344,1.747045506,1.747045506,2,5,0
2024,Illinois,90067,-11,,0.005741627,,1.747045506,,12,,0
2025,Illinois,90067,-11,-11,0.006764374,0.005741627,1.747045506,1.747045506,12,12,0
2023,Illinois,99129,-11,,0.024427481,,1.747045506,,48,,0
2024,Illinois,99129,-11,-11,0.068899522,0.024427481,1.747045506,1.747045506,144,48,0
2025,Illinois,99129,-11,-11,0.040022548,0.068899522,1.747045506,1.747045506,71,144,0
2026,Illinois,,-11,,,,1.747045506,,0,,0
2024,Indiana,16845,-1,,0.022018349,,1.441509854,,12,,0
2025,Indiana,16845,-1,-1,0.022099448,0.022018349,1.441509854,1.441509854,12,12,0
2023,Indiana,17575,-1,,0.237547893,,1.441509854,,124,,0
2024,Indiana,17575,-1,-1,0.144954128,0.237547893,1.441509854,1.441509854,79,124,0
2025,Indiana,17575,-1,-1,0.145488029,0.144954128,1.441509854,1.441509854,79,79,0
2023,Indiana,28856,-1,,0.030651341,,1.441509854,,16,,0
2024,Indiana,28856,-1,-1,0.033027523,0.030651341,1.441509854,1.441509854,18,16,0
2025,Indiana,28856,-1,-1,0.033149171,0.033027523,1.441509854,1.441509854,18,18,0
2023,Indiana,33086,-1,,0.005747126,,1.441509854,,3,,0
2024,Indiana,33086,-1,-1,0.005504587,0.005747126,1.441509854,1.441509854,3,3,0
2025,Indiana,33086,-1,-1,0.005524862,0.005504587,1.441509854,1.441509854,3,3,0
2025,Indiana,35065,-1,,0.152854512,,1.441509854,,83,,0
2023,Indiana,35755,-1,,0.091954023,,1.441509854,,48,,0
2024,Indiana,35755,-1,-1,0.067889908,0.091954023,1.441509854,1.441509854,37,48,1
2023,Indiana,43433,-1,,0.01532567,,1.441509854,,8,,0
2024,Indiana,43433,-1,-1,0.014678899,0.01532567,1.441509854,1.441509854,8,8,0
2025,Indiana,43433,-1,-1,0.014732965,0.014678899,1.441509854,1.441509854,8,8,0
2023,Indiana,54192,-1,,0.134099617,,1.441509854,,70,,0
2024,Indiana,54192,-1,-1,0.209174312,0.134099617,1.441509854,1.441509854,114,70,0
2025,Indiana,54192,-1,-1,0.211786372,0.209174312,1.441509854,1.441509854,115,114,0
2023,Indiana,57874,-1,,0.003831418,,1.441509854,,2,,0
2024,Indiana,57874,-1,-1,0.003669725,0.003831418,1.441509854,1.441509854,2,2,0
2025,Indiana,57874,-1,-1,0.003683241,0.003669725,1.441509854,1.441509854,2,2,0
2023,Indiana,59560,-1,,0.019157088,,1.441509854,,10,,0
2024,Indiana,59560,-1,-1,0.018348624,0.019157088,1.441509854,1.441509854,10,10,0
2025,Indiana,59560,-1,-1,0.018416206,0.018348624,1.441509854,1.441509854,10,10,0
2023,Indiana,69051,-1,,0.001915709,,1.441509854,,1,,0
2024,Indiana,69051,-1,-1,0.001834862,0.001915709,1.441509854,1.441509854,1,1,0
2025,Indiana,69051,-1,-1,0.001841621,0.001834862,1.441509854,1.441509854,1,1,0
2025,Indiana,72850,-1,,0.151012891,,1.441509854,,82,,0
2023,Indiana,76179,-1,,0.279693487,,1.441509854,,146,,0
2024,Indiana,76179,-1,-1,0.24587156,0.279693487,1.441509854,1.441509854,134,146,1
2023,Indiana,83557,-1,,0.01532567,,1.441509854,,8,,0
2024,Indiana,83557,-1,-1,0.014678899,0.01532567,1.441509854,1.441509854,8,8,0
2025,Indiana,83557,-1,-1,0.014732965,0.014678899,1.441509854,1.441509854,8,8,0
2023,Indiana,87417,-1,,0.007662835,,1.441509854,,4,,0
2024,Indiana,87417,-1,-1,0.00733945,0.007662835,1.441509854,1.441509854,4,4,0
2025,Indiana,87417,-1,-1,0.011049724,0.00733945,1.441509854,1.441509854,6,4,0
2023,Indiana,94419,-1,,0.157088123,,1.441509854,,82,,0
2024,Indiana,94419,-1,-1,0.11559633,0.157088123,1.441509854,1.441509854,63,82,0
2025,Indiana,94419,-1,-1,0.075506446,0.11559633,1.441509854,1.441509854,41,63,0
2024,Indiana,96992,-1,,0.088073394,,1.441509854,,48,,0
2025,Indiana,96992,-1,-1,0.130755064,0.088073394,1.441509854,1.441509854,71,48,0
2024,Indiana,99791,-1,,0.00733945,,1.441509854,,4,,0
2025,Indiana,99791,-1,-1,0.007366483,0.00733945,1.441509854,1.441509854,4,4,0
2026,Indiana,,-1,,,,1.441509854,,0,,0
2023,Iowa,25896,-4,,0.157458564,,1.310941074,,57,,0
2024,Iowa,25896,-4,-4,0.124726477,0.157458564,1.310941074,1.310941074,57,57,0
2025,Iowa,25896,-4,-4,0.090573013,0.124726477,1.310941074,1.310941074,49,57,0
2023,Iowa,41482,-4,,0.002762431,,1.310941074,,1,,1
2023,Iowa,45819,-4,,0.220994475,,1.310941074,,80,,0
2024,Iowa,45819,-4,-4,0.284463895,0.220994475,1.310941074,1.310941074,130,80,0
2025,Iowa,45819,-4,-4,0.184842884,0.284463895,1.310941074,1.310941074,100,130,0
2025,Iowa,48286,-4,,0.153419593,,1.310941074,,83,,0
2023,Iowa,50730,-4,,0.022099448,,1.310941074,,8,,0
2024,Iowa,50730,-4,-4,0.01750547,0.022099448,1.310941074,1.310941074,8,8,0
2025,Iowa,50730,-4,-4,0.014787431,0.01750547,1.310941074,1.310941074,8,8,0
2025,Iowa,56610,-4,,0.11090573,,1.310941074,,60,,0
2023,Iowa,61284,-4,,0.005524862,,1.310941074,,2,,0
2024,Iowa,61284,-4,-4,0.004376368,0.005524862,1.310941074,1.310941074,2,2,0
2025,Iowa,61284,-4,-4,0.003696858,0.004376368,1.310941074,1.310941074,2,2,0
2023,Iowa,63366,-4,,0.035911602,,1.310941074,,13,,0
2024,Iowa,63366,-4,-4,0.028446389,0.035911602,1.310941074,1.310941074,13,13,0
2025,Iowa,63366,-4,-4,0.011090573,0.028446389,1.310941074,1.310941074,6,13,0
2023,Iowa,71051,-4,,0.022099448,,1.310941074,,8,,0
2024,Iowa,71051,-4,-4,0.01750547,0.022099448,1.310941074,1.310941074,8,8,0
2025,Iowa,71051,-4,-4,0.014787431,0.01750547,1.310941074,1.310941074,8,8,0
2023,Iowa,93078,-4,,0.533149171,,1.310941074,,193,,0
2024,Iowa,93078,-4,-4,0.52297593,0.533149171,1.310941074,1.310941074,239,193,0
2025,Iowa,93078,-4,-4,0.415896488,0.52297593,1.310941074,1.310941074,225,239,0
2026,Iowa,,-4,,,,1.310941074,,0,,0
2023,Kansas,11339,-20,,0.003034901,,0,,2,,0
2024,Kansas,11339,-20,-20,0.003937008,0.003034901,0,0,2,2,0
2025,Kansas,11339,-20,-20,0.004608295,0.003937008,0,0,2,2,0
2023,Kansas,18558,-20,,0.078907436,,0,,52,,0
2024,Kansas,18558,-20,-20,0.094488189,0.078907436,0,0,48,52,0
2025,Kansas,18558,-20,-20,0.103686636,0.094488189,0,0,45,48,0
2023,Kansas,25268,-20,,0.006069803,,0,,4,,0
2024,Kansas,25268,-20,-20,0.007874016,0.006069803,0,0,4,4,0
2025,Kansas,25268,-20,-20,0.013824885,0.007874016,0,0,6,4,0
2023,Kansas,32542,-20,,0.072837633,,0,,48,,0
2024,Kansas,32542,-20,-20,0.072834646,0.072837633,0,0,37,48,1
2023,Kansas,34368,-20,,0.215477997,,0,,142,,0
2024,Kansas,34368,-20,-20,0.236220472,0.215477997,0,0,120,142,0
2025,Kansas,34368,-20,-20,0.19124424,0.236220472,0,0,83,120,0
2023,Kansas,39520,-20,,0.094081942,,0,,62,,0
2024,Kansas,39520,-20,-20,0.118110236,0.094081942,0,0,60,62,0
2025,Kansas,39520,-20,-20,0.103686636,0.118110236,0,0,45,60,0
2023,Kansas,43490,-20,,0.115326252,,0,,76,,0
2024,Kansas,43490,-20,-20,0.12007874,0.115326252,0,0,61,76,0
2025,Kansas,43490,-20,-20,0.105990783,0.12007874,0,0,46,61,0
2023,Kansas,61779,-20,,0.012139605,,0,,8,,0
2024,Kansas,61779,-20,-20,0.015748031,0.012139605,0,0,8,8,0
2025,Kansas,61779,-20,-20,0.01843318,0.015748031,0,0,8,8,0
2023,Kansas,63790,-20,,0.012139605,,0,,8,,0
2024,Kansas,63790,-20,-20,0.015748031,0.012139605,0,0,8,8,0
2025,Kansas,63790,-20,-20,0.01843318,0.015748031,0,0,8,8,0
2023,Kansas,76763,-20,,0.197268589,,0,,130,,1
2024,Kansas,84600,-20,,0.094488189,,0,,48,,0
2025,Kansas,84600,-20,-20,0.16359447,0.094488189,0,0,71,48,0
2023,Kansas,93384,-20,,0.001517451,,0,,1,,1
2023,Kansas,94248,-20,,0.069802731,,0,,46,,0
2024,Kansas,94248,-20,-20,0.084645669,0.069802731,0,0,43,46,0
2025,Kansas,94248,-20,-20,0.089861751,0.084645669,0,0,39,43,0
2023,Kansas,94968,-20,,0.112291351,,0,,74,,0
2024,Kansas,94968,-20,-20,0.124015748,0.112291351,0,0,63,74,0
2025,Kansas,94968,-20,-20,0.17281106,0.124015748,0,0,75,63,0
2023,Kansas,95038,-20,,0.009104704,,0,,6,,0
2024,Kansas,95038,-20,-20,0.011811024,0.009104704,0,0,6,6,0
2025,Kansas,95038,-20,-20,0.013824885,0.011811024,0,0,6,6,0
2026,Kansas,,-20,,,,0,,0,,0
2023,Kentucky,,-13,,,,4.765399388,,0,,1
2024,Kentucky,,-13,,,,4.765399388,,0,,1
2025,Kentucky,,-13,,,,4.765399388,,0,,0
2026,Kentucky,,-13,,,,4.765399388,,0,,0
2023,Louisiana,11904,-9,,0.008486563,,2.533471675,,6,,0
2024,Louisiana,11904,-9,-9,0.010714286,0.008486563,2.533471675,2.533471675,6,6,0
2025,Louisiana,11904,-9,-9,0.009287926,0.010714286,2.533471675,2.533471675,6,6,0
2023,Louisiana,18802,-9,,0.004243281,,2.533471675,,3,,0
2024,Louisiana,18802,-9,-9,0.005357143,0.004243281,2.533471675,2.533471675,3,3,0
2025,Louisiana,18802,-9,-9,0.004643963,0.005357143,2.533471675,2.533471675,3,3,0
2023,Louisiana,19636,-9,,0.280056577,,2.533471675,,198,,0
2024,Louisiana,19636,-9,-9,0.291071429,0.280056577,2.533471675,2.533471675,163,198,0
2025,Louisiana,19636,-9,-9,0.291021672,0.291071429,2.533471675,2.533471675,188,163,0
2023,Louisiana,28419,-9,,0.011315417,,2.533471675,,8,,0
2024,Louisiana,28419,-9,-9,0.014285714,0.011315417,2.533471675,2.533471675,8,8,0
2025,Louisiana,28419,-9,-9,0.012383901,0.014285714,2.533471675,2.533471675,8,8,0
2023,Louisiana,44965,-9,,0.002828854,,2.533471675,,2,,0
2024,Louisiana,44965,-9,-9,0.003571429,0.002828854,2.533471675,2.533471675,2,2,0
2025,Louisiana,44965,-9,-9,0.003095975,0.003571429,2.533471675,2.533471675,2,2,0
2023,Louisiana,61604,-9,,0.17397454,,2.533471675,,123,,1
2023,Louisiana,67243,-9,,0.053748232,,2.533471675,,38,,1
2023,Louisiana,69842,-9,,0.089108911,,2.533471675,,63,,0
2024,Louisiana,69842,-9,-9,0.1125,0.089108911,2.533471675,2.533471675,63,63,0
2025,Louisiana,69842,-9,-9,0.10371517,0.1125,2.533471675,2.533471675,67,63,0
2023,Louisiana,75409,-9,,0.001414427,,2.533471675,,1,,1
2023,Louisiana,78461,-9,,0.011315417,,2.533471675,,8,,0
2024,Louisiana,78461,-9,-9,0.014285714,0.011315417,2.533471675,2.533471675,8,8,0
2025,Louisiana,78461,-9,-9,0.012383901,0.014285714,2.533471675,2.533471675,8,8,0
2023,Louisiana,87390,-9,,0.008486563,,2.533471675,,6,,0
2024,Louisiana,87390,-9,-9,0.010714286,0.008486563,2.533471675,2.533471675,6,6,0
2025,Louisiana,87390,-9,-9,0.009287926,0.010714286,2.533471675,2.533471675,6,6,0
2024,Louisiana,90787,-9,,0.2,,2.533471675,,112,,0
2025,Louisiana,90787,-9,-9,0.128482972,0.2,2.533471675,2.533471675,83,112,0
2023,Louisiana,97176,-9,,0.070721358,,2.533471675,,50,,0
2024,Louisiana,97176,-9,-9,0.096428571,0.070721358,2.533471675,2.533471675,54,50,0
2025,Louisiana,97176,-9,-9,0.077399381,0.096428571,2.533471675,2.533471675,50,54,0
2023,Louisiana,98780,-9,,0.284299859,,2.533471675,,201,,0
2024,Louisiana,98780,-9,-9,0.241071429,0.284299859,2.533471675,2.533471675,135,201,0
2025,Louisiana,98780,-9,-9,0.348297214,0.241071429,2.533471675,2.533471675,225,135,0
2026,Louisiana,,-9,,,,2.533471675,,0,,0
2023,Maine,,-13,,,,1.494913263,,0,,1
2024,Maine,,-13,,,,1.494913263,,0,,1
2025,Maine,,-13,,,,1.494913263,,0,,0
2026,Maine,,-13,,,,1.494913263,,0,,0
2023,Maryland,,-11,,,,1.340964153,,0,,1
2024,Maryland,,-11,,,,1.340964153,,0,,1
2025,Maryland,,-11,,,,1.340964153,,0,,0
2026,Maryland,,-11,,,,1.340964153,,0,,0
2023,Massachusetts,,-18,,,,0.884121164,,0,,1
2024,Massachusetts,,-18,,,,0.884121164,,0,,1
2025,Massachusetts,,-18,,,,0.884121164,,0,,0
2026,Massachusetts,,-18,,,,0.884121164,,0,,0
2023,Michigan,11083,-10,,0.000772201,,1.34892851,,1,,0
2024,Michigan,11083,-10,-10,0.000994036,0.000772201,1.34892851,1.34892851,1,1,0
2025,Michigan,11083,-10,-10,0.001026694,0.000994036,1.34892851,1.34892851,1,1,0
2023,Michigan,15560,-10,,0.064864865,,1.34892851,,84,,0
2024,Michigan,15560,-10,-10,0.087475149,0.064864865,1.34892851,1.34892851,88,84,0
2025,Michigan,15560,-10,-10,0.090349076,0.087475149,1.34892851,1.34892851,88,88,0
2024,Michigan,15676,-10,,0.011928429,,1.34892851,,12,,0
2025,Michigan,15676,-10,-10,0.012320329,0.011928429,1.34892851,1.34892851,12,12,0
2023,Michigan,23426,-10,,0.007722008,,1.34892851,,10,,0
2024,Michigan,23426,-10,-10,0.009940358,0.007722008,1.34892851,1.34892851,10,10,0
2025,Michigan,23426,-10,-10,0.01026694,0.009940358,1.34892851,1.34892851,10,10,0
2023,Michigan,29698,-10,,0.235521236,,1.34892851,,305,,0
2024,Michigan,29698,-10,-10,0.251491054,0.235521236,1.34892851,1.34892851,253,305,0
2025,Michigan,29698,-10,-10,0.259753593,0.251491054,1.34892851,1.34892851,253,253,0
2023,Michigan,31256,-10,,0.021621622,,1.34892851,,28,,0
2024,Michigan,31256,-10,-10,0.031809145,0.021621622,1.34892851,1.34892851,32,28,0
2025,Michigan,31256,-10,-10,0.025667351,0.031809145,1.34892851,1.34892851,25,32,0
2023,Michigan,34930,-10,,0.012355212,,1.34892851,,16,,0
2024,Michigan,34930,-10,-10,0.017892644,0.012355212,1.34892851,1.34892851,18,16,0
2025,Michigan,34930,-10,-10,0.018480493,0.017892644,1.34892851,1.34892851,18,18,0
2023,Michigan,35700,-10,,0.006177606,,1.34892851,,8,,0
2024,Michigan,35700,-10,-10,0.007952286,0.006177606,1.34892851,1.34892851,8,8,0
2025,Michigan,35700,-10,-10,0.008213552,0.007952286,1.34892851,1.34892851,8,8,0
2023,Michigan,38791,-10,,0.003088803,,1.34892851,,4,,1
2023,Michigan,40047,-10,,0.025482625,,1.34892851,,33,,0
2024,Michigan,40047,-10,-10,0.039761431,0.025482625,1.34892851,1.34892851,40,33,0
2025,Michigan,40047,-10,-10,0.041067762,0.039761431,1.34892851,1.34892851,40,40,0
2025,Michigan,40356,-10,,0.097535934,,1.34892851,,95,,0
2023,Michigan,41183,-10,,0.003088803,,1.34892851,,4,,1
2023,Michigan,46016,-10,,0.003088803,,1.34892851,,4,,1
2023,Michigan,47007,-10,,0.000772201,,1.34892851,,1,,0
2024,Michigan,47007,-10,-10,0.000994036,0.000772201,1.34892851,1.34892851,1,1,0
2025,Michigan,47007,-10,-10,0.001026694,0.000994036,1.34892851,1.34892851,1,1,0
2023,Michigan,47638,-10,,0.001544402,,1.34892851,,2,,0
2024,Michigan,47638,-10,-10,0.001988072,0.001544402,1.34892851,1.34892851,2,2,0
2025,Michigan,47638,-10,-10,0.002053388,0.001988072,1.34892851,1.34892851,2,2,0
2023,Michigan,53678,-10,,0.004633205,,1.34892851,,6,,0
2024,Michigan,53678,-10,-10,0.005964215,0.004633205,1.34892851,1.34892851,6,6,0
2025,Michigan,53678,-10,-10,0.006160164,0.005964215,1.34892851,1.34892851,6,6,0
2023,Michigan,58594,-10,,0.101930502,,1.34892851,,132,,0
2024,Michigan,58594,-10,-10,0.134194831,0.101930502,1.34892851,1.34892851,135,132,0
2025,Michigan,58594,-10,-10,0.085215606,0.134194831,1.34892851,1.34892851,83,135,0
2023,Michigan,58996,-10,,0.037065637,,1.34892851,,48,,1
2023,Michigan,60829,-10,,0.143629344,,1.34892851,,186,,0
2024,Michigan,60829,-10,-10,0.046719682,0.143629344,1.34892851,1.34892851,47,186,0
2025,Michigan,60829,-10,-10,0.04825462,0.046719682,1.34892851,1.34892851,47,47,0
2023,Michigan,62294,-10,,0.001544402,,1.34892851,,2,,0
2024,Michigan,62294,-10,-10,0.001988072,0.001544402,1.34892851,1.34892851,2,2,0
2025,Michigan,62294,-10,-10,0.002053388,0.001988072,1.34892851,1.34892851,2,2,0
2024,Michigan,63631,-10,,0.001988072,,1.34892851,,2,,0
2025,Michigan,63631,-10,-10,0.002053388,0.001988072,1.34892851,1.34892851,2,2,0
2023,Michigan,66587,-10,,0.006177606,,1.34892851,,8,,0
2024,Michigan,66587,-10,-10,0.007952286,0.006177606,1.34892851,1.34892851,8,8,0
2025,Michigan,66587,-10,-10,0.008213552,0.007952286,1.34892851,1.34892851,8,8,0
2023,Michigan,71667,-10,,0.066409266,,1.34892851,,86,,0
2024,Michigan,71667,-10,-10,0.081510934,0.066409266,1.34892851,1.34892851,82,86,0
2025,Michigan,71667,-10,-10,0.068788501,0.081510934,1.34892851,1.34892851,67,82,0
2023,Michigan,74917,-10,,0.047876448,,1.34892851,,62,,0
2024,Michigan,74917,-10,-10,0.057654076,0.047876448,1.34892851,1.34892851,58,62,0
2025,Michigan,74917,-10,-10,0.044147844,0.057654076,1.34892851,1.34892851,43,58,0
2023,Michigan,75936,-10,,0.001544402,,1.34892851,,2,,0
2024,Michigan,75936,-10,-10,0.001988072,0.001544402,1.34892851,1.34892851,2,2,0
2025,Michigan,75936,-10,-10,0.002053388,0.001988072,1.34892851,1.34892851,2,2,0
2023,Michigan,77739,-10,,0.065637066,,1.34892851,,85,,0
2024,Michigan,77739,-10,-10,0.057654076,0.065637066,1.34892851,1.34892851,58,85,0
2025,Michigan,77739,-10,-10,0.044147844,0.057654076,1.34892851,1.34892851,43,58,0
2023,Michigan,88507,-10,,0.003088803,,1.34892851,,4,,0
2024,Michigan,88507,-10,-10,0.003976143,0.003088803,1.34892851,1.34892851,4,4,0
2025,Michigan,88507,-10,-10,0.004106776,0.003976143,1.34892851,1.34892851,4,4,0
2023,Michigan,95233,-10,,0.002316602,,1.34892851,,3,,0
2024,Michigan,95233,-10,-10,0.002982107,0.002316602,1.34892851,1.34892851,3,3,0
2025,Michigan,95233,-10,-10,0.003080082,0.002982107,1.34892851,1.34892851,3,3,0
2023,Michigan,98185,-10,,0.132046332,,1.34892851,,171,,0
2024,Michigan,98185,-10,-10,0.133200795,0.132046332,1.34892851,1.34892851,134,171,0
2025,Michigan,98185,-10,-10,0.113963039,0.133200795,1.34892851,1.34892851,111,134,0
2026,Michigan,,-10,,,,1.34892851,,0,,0
2023,Minnesota,,-11,,,,1.400997941,,0,,1
2024,Minnesota,,-11,,,,1.400997941,,0,,1
2025,Minnesota,,-11,,,,1.400997941,,0,,0
2026,Minnesota,,-11,,,,1.400997941,,0,,0
2023,Mississippi,11324,-1,,0.02,,0,,8,,0
2024,Mississippi,11324,-1,-1,0.021857923,0.02,0,0,8,8,0
2025,Mississippi,11324,-1,-1,0.024615385,0.021857923,0,0,8,8,0
2023,Mississippi,14624,-1,,0.095,,0,,38,,0
2024,Mississippi,14624,-1,-1,0.103825137,0.095,0,0,38,38,0
2025,Mississippi,14624,-1,-1,0.104615385,0.103825137,0,0,34,38,0
2023,Mississippi,48963,-1,,0.005,,0,,2,,0
2024,Mississippi,48963,-1,-1,0.010928962,0.005,0,0,4,2,0
2025,Mississippi,48963,-1,-1,0.012307692,0.010928962,0,0,4,4,0
2023,Mississippi,49327,-1,,0.015,,0,,6,,0
2024,Mississippi,49327,-1,-1,0.016393443,0.015,0,0,6,6,0
2025,Mississippi,49327,-1,-1,0.018461538,0.016393443,0,0,6,6,0
2023,Mississippi,49374,-1,,0.0075,,0,,3,,0
2024,Mississippi,49374,-1,-1,0.008196721,0.0075,0,0,3,3,0
2025,Mississippi,49374,-1,-1,0.009230769,0.008196721,0,0,3,3,0
2023,Mississippi,56766,-1,,0.2025,,0,,81,,0
2024,Mississippi,56766,-1,-1,0.172131148,0.2025,0,0,63,81,0
2025,Mississippi,56766,-1,-1,0.16,0.172131148,0,0,52,63,0
2024,Mississippi,74718,-1,,0.010928962,,0,,4,,0
2025,Mississippi,74718,-1,-1,0.018461538,0.010928962,0,0,6,4,0
2023,Mississippi,79975,-1,,0.1025,,0,,41,,0
2024,Mississippi,79975,-1,-1,0.131147541,0.1025,0,0,48,41,0
2025,Mississippi,79975,-1,-1,0.147692308,0.131147541,0,0,48,48,0
2023,Mississippi,84254,-1,,0.015,,0,,6,,0
2024,Mississippi,84254,-1,-1,0.016393443,0.015,0,0,6,6,0
2025,Mississippi,84254,-1,-1,0.018461538,0.016393443,0,0,6,6,0
2023,Mississippi,90714,-1,,0.325,,0,,130,,0
2024,Mississippi,90714,-1,-1,0.325136612,0.325,0,0,119,130,0
2025,Mississippi,90714,-1,-1,0.255384615,0.325136612,0,0,83,119,0
2023,Mississippi,97560,-1,,0.2125,,0,,85,,0
2024,Mississippi,97560,-1,-1,0.183060109,0.2125,0,0,67,85,0
2025,Mississippi,97560,-1,-1,0.230769231,0.183060109,0,0,75,67,0
2026,Mississippi,,-1,,,,0,,0,,0
2023,Missouri,29416,-1,,0.007490637,,0.839745803,,8,,0
2024,Missouri,29416,-1,-1,0.00942285,0.007490637,0.839745803,0.839745803,8,8,0
2025,Missouri,29416,-1,-1,0.012269939,0.00942285,0.839745803,0.839745803,8,8,0
2023,Missouri,30613,-1,,0.003745318,,0.839745803,,4,,0
2024,Missouri,30613,-1,-1,0.004711425,0.003745318,0.839745803,0.839745803,4,4,0
2025,Missouri,30613,-1,-1,0.006134969,0.004711425,0.839745803,0.839745803,4,4,0
2023,Missouri,32753,-1,,0.080524345,,0.839745803,,86,,0
2024,Missouri,32753,-1,-1,0.081272085,0.080524345,0.839745803,0.839745803,69,86,0
2025,Missouri,32753,-1,-1,0.088957055,0.081272085,0.839745803,0.839745803,58,69,0
2023,Missouri,34762,-1,,0.059925094,,0.839745803,,64,,0
2024,Missouri,34762,-1,-1,0.071849234,0.059925094,0.839745803,0.839745803,61,64,0
2025,Missouri,34762,-1,-1,0.093558282,0.071849234,0.839745803,0.839745803,61,61,0
2023,Missouri,35853,-1,,0.009363296,,0.839745803,,10,,0
2024,Missouri,35853,-1,-1,0.011778563,0.009363296,0.839745803,0.839745803,10,10,0
2025,Missouri,35853,-1,-1,0.015337423,0.011778563,0.839745803,0.839745803,10,10,0
2023,Missouri,40519,-1,,0.003745318,,0.839745803,,4,,0
2024,Missouri,40519,-1,-1,0.004711425,0.003745318,0.839745803,0.839745803,4,4,0
2025,Missouri,40519,-1,-1,0.006134969,0.004711425,0.839745803,0.839745803,4,4,0
2024,Missouri,43512,-1,,0.014134276,,0.839745803,,12,,0
2025,Missouri,43512,-1,-1,0.018404908,0.014134276,0.839745803,0.839745803,12,12,0
2023,Missouri,47840,-1,,0.075842697,,0.839745803,,81,,0
2024,Missouri,47840,-1,-1,0.077738516,0.075842697,0.839745803,0.839745803,66,81,0
2025,Missouri,47840,-1,-1,0.07208589,0.077738516,0.839745803,0.839745803,47,66,0
2023,Missouri,48161,-1,,0.134831461,,0.839745803,,144,,0
2024,Missouri,48161,-1,-1,0.169611307,0.134831461,0.839745803,0.839745803,144,144,0
2025,Missouri,48161,-1,-1,0.084355828,0.169611307,0.839745803,0.839745803,55,144,0
2023,Missouri,48786,-1,,0.005617978,,0.839745803,,6,,0
2024,Missouri,48786,-1,-1,0.007067138,0.005617978,0.839745803,0.839745803,6,6,0
2025,Missouri,48786,-1,-1,0.009202454,0.007067138,0.839745803,0.839745803,6,6,0
2023,Missouri,53461,-1,,0.117041199,,0.839745803,,125,,0
2024,Missouri,53461,-1,-1,0.155477032,0.117041199,0.839745803,0.839745803,132,125,0
2025,Missouri,53461,-1,-1,0.216257669,0.155477032,0.839745803,0.839745803,141,132,0
2023,Missouri,58883,-1,,0.005617978,,0.839745803,,6,,0
2024,Missouri,58883,-1,-1,0.007067138,0.005617978,0.839745803,0.839745803,6,6,0
2025,Missouri,58883,-1,-1,0.009202454,0.007067138,0.839745803,0.839745803,6,6,0
2023,Missouri,68396,-1,,0.00093633,,0.839745803,,1,,0
2024,Missouri,68396,-1,-1,0.001177856,0.00093633,0.839745803,0.839745803,1,1,0
2025,Missouri,68396,-1,-1,0.001533742,0.001177856,0.839745803,0.839745803,1,1,0
2023,Missouri,69512,-1,,0.071161049,,0.839745803,,76,,0
2024,Missouri,69512,-1,-1,0.071849234,0.071161049,0.839745803,0.839745803,61,76,0
2025,Missouri,69512,-1,-1,0.070552147,0.071849234,0.839745803,0.839745803,46,61,0
2023,Missouri,69783,-1,,0.007490637,,0.839745803,,8,,0
2024,Missouri,69783,-1,-1,0.00942285,0.007490637,0.839745803,0.839745803,8,8,1
2023,Missouri,74483,-1,,0.140449438,,0.839745803,,150,,1
2023,Missouri,82905,-1,,0.003745318,,0.839745803,,4,,0
2024,Missouri,82905,-1,-1,0.004711425,0.003745318,0.839745803,0.839745803,4,4,0
2025,Missouri,82905,-1,-1,0.009202454,0.004711425,0.839745803,0.839745803,6,4,0
2023,Missouri,95426,-1,,0.06928839,,0.839745803,,74,,0
2024,Missouri,95426,-1,-1,0.078916372,0.06928839,0.839745803,0.839745803,67,74,0
2025,Missouri,95426,-1,-1,0.102760736,0.078916372,0.839745803,0.839745803,67,67,0
2023,Missouri,96384,-1,,0.04494382,,0.839745803,,48,,0
2024,Missouri,96384,-1,-1,0.051825677,0.04494382,0.839745803,0.839745803,44,48,0
2025,Missouri,96384,-1,-1,0.056748466,0.051825677,0.839745803,0.839745803,37,44,0
2023,Missouri,99723,-1,,0.1582397,,0.839745803,,169,,0
2024,Missouri,99723,-1,-1,0.167255595,0.1582397,0.839745803,0.839745803,142,169,0
2025,Missouri,99723,-1,-1,0.127300613,0.167255595,0.839745803,0.839745803,83,142,0
2026,Missouri,,-1,,,,0.839745803,,0,,0
2023,Montana,23603,-11,,0.111721612,,0.975356444,,61,,0
2024,Montana,23603,-11,-11,0.117533719,0.111721612,0.975356444,0.975356444,61,61,0
2025,Montana,23603,-11,-11,0.110251451,0.117533719,0.975356444,0.975356444,57,61,0
2023,Montana,30751,-11,,0.578754579,,0.975356444,,316,,0
2024,Montana,30751,-11,-11,0.578034682,0.578754579,0.975356444,0.975356444,300,316,0
2025,Montana,30751,-11,-11,0.647969052,0.578034682,0.975356444,0.975356444,335,300,0
2023,Montana,32225,-11,,0.274725275,,0.975356444,,150,,0
2024,Montana,32225,-11,-11,0.267822736,0.274725275,0.975356444,0.975356444,139,150,0
2025,Montana,32225,-11,-11,0.205029014,0.267822736,0.975356444,0.975356444,106,139,0
2023,Montana,62818,-11,,0.014652015,,0.975356444,,8,,0
2024,Montana,62818,-11,-11,0.015414258,0.014652015,0.975356444,0.975356444,8,8,0
2025,Montana,62818,-11,-11,0.015473888,0.015414258,0.975356444,0.975356444,8,8,0
2023,Montana,71788,-11,,0.005494505,,0.975356444,,3,,0
2024,Montana,71788,-11,-11,0.005780347,0.005494505,0.975356444,0.975356444,3,3,0
2025,Montana,71788,-11,-11,0.005802708,0.005780347,0.975356444,0.975356444,3,3,0
2023,Montana,93895,-11,,0.014652015,,0.975356444,,8,,0
2024,Montana,93895,-11,-11,0.015414258,0.014652015,0.975356444,0.975356444,8,8,0
2025,Montana,93895,-11,-11,0.015473888,0.015414258,0.975356444,0.975356444,8,8,0
2026,Montana,,-11,,,,0.975356444,,0,,0
2023,Nebraska,20305,0,,0.211421628,,0.50977437,,174,,0
2024,Nebraska,20305,0,0,0.307251908,0.211421628,0.50977437,0.50977437,161,174,0
2025,Nebraska,20305,0,0,0.27820711,0.307251908,0.50977437,0.50977437,180,161,0
2023,Nebraska,26289,0,,0.187120292,,0.50977437,,154,,0
2024,Nebraska,26289,0,0,0.244274809,0.187120292,0.50977437,0.50977437,128,154,0
2025,Nebraska,26289,0,0,0.128284389,0.244274809,0.50977437,0.50977437,83,128,0
2023,Nebraska,29678,0,,0.466585662,,0.50977437,,384,,0
2024,Nebraska,29678,0,0,0.267175573,0.466585662,0.50977437,0.50977437,140,384,0
2025,Nebraska,29678,0,0,0.352395672,0.267175573,0.50977437,0.50977437,228,140,0
2023,Nebraska,45550,0,,0.012150668,,0.50977437,,10,,0
2024,Nebraska,45550,0,0,0.019083969,0.012150668,0.50977437,0.50977437,10,10,0
2025,Nebraska,45550,0,0,0.015455951,0.019083969,0.50977437,0.50977437,10,10,0
2023,Nebraska,48282,0,,0.004860267,,0.50977437,,4,,0
2024,Nebraska,48282,0,0,0.007633588,0.004860267,0.50977437,0.50977437,4,4,0
2025,Nebraska,48282,0,0,0.00927357,0.007633588,0.50977437,0.50977437,6,4,0
2023,Nebraska,50022,0,,0.009720535,,0.50977437,,8,,0
2024,Nebraska,50022,0,0,0.015267176,0.009720535,0.50977437,0.50977437,8,8,0
2025,Nebraska,50022,0,0,0.01236476,0.015267176,0.50977437,0.50977437,8,8,0
2023,Nebraska,57424,0,,0.097205346,,0.50977437,,80,,0
2024,Nebraska,57424,0,0,0.124045802,0.097205346,0.50977437,0.50977437,65,80,0
2025,Nebraska,57424,0,0,0.077279753,0.124045802,0.50977437,0.50977437,50,65,0
2025,Nebraska,73102,0,,0.114374034,,0.50977437,,74,,0
2023,Nebraska,88667,0,,0.001215067,,0.50977437,,1,,1
2023,Nebraska,98048,0,,0.009720535,,0.50977437,,8,,0
2024,Nebraska,98048,0,0,0.015267176,0.009720535,0.50977437,0.50977437,8,8,0
2025,Nebraska,98048,0,0,0.01236476,0.015267176,0.50977437,0.50977437,8,8,0
2026,Nebraska,,0,,,,0.50977437,,0,,0
2023,Nevada,,-2,,,,2.564393289,,0,,1
2024,Nevada,,-2,,,,2.564393289,,0,,1
2025,Nevada,,-2,,,,2.564393289,,0,,0
2026,Nevada,,-2,,,,2.564393289,,0,,0
2025,New Hampshire,13219,-7,,0.089371981,,0.865831639,,37,,0
2023,New Hampshire,44500,-7,,0.002212389,,0.865831639,,1,,1
2023,New Hampshire,57601,-7,,0.123893805,,0.865831639,,56,,0
2024,New Hampshire,57601,-7,-7,0.25498008,0.123893805,0.865831639,0.865831639,128,56,0
2025,New Hampshire,57601,-7,-7,0.149758454,0.25498008,0.865831639,0.865831639,62,128,0
2023,New Hampshire,59025,-7,,0.163716814,,0.865831639,,74,,0
2024,New Hampshire,59025,-7,-7,0.133466135,0.163716814,0.865831639,0.865831639,67,74,0
2025,New Hampshire,59025,-7,-7,0.108695652,0.133466135,0.865831639,0.865831639,45,67,0
2023,New Hampshire,72953,-7,,0.017699115,,0.865831639,,8,,0
2024,New Hampshire,72953,-7,-7,0.015936255,0.017699115,0.865831639,0.865831639,8,8,0
2025,New Hampshire,72953,-7,-7,0.019323671,0.015936255,0.865831639,0.865831639,8,8,0
2023,New Hampshire,75841,-7,,0.261061947,,0.865831639,,118,,0
2024,New Hampshire,75841,-7,-7,0.207171315,0.261061947,0.865831639,0.865831639,104,118,0
2025,New Hampshire,75841,-7,-7,0.217391304,0.207171315,0.865831639,0.865831639,90,104,0
2023,New Hampshire,87701,-7,,0.013274336,,0.865831639,,6,,0
2024,New Hampshire,87701,-7,-7,0.011952191,0.013274336,0.865831639,0.865831639,6,6,0
2025,New Hampshire,87701,-7,-7,0.014492754,0.011952191,0.865831639,0.865831639,6,6,0
2023,New Hampshire,96751,-7,,0.418141593,,0.865831639,,189,,0
2024,New Hampshire,96751,-7,-7,0.376494024,0.418141593,0.865831639,0.865831639,189,189,0
2025,New Hampshire,96751,-7,-7,0.400966184,0.376494024,0.865831639,0.865831639,166,189,0
2026,New Hampshire,,-7,,,,0.865831639,,0,,0
2023,New Jersey,,-7,,,,1.064746491,,0,,1
2024,New Jersey,,-7,,,,1.064746491,,0,,1
2025,New Jersey,,-7,,,,1.064746491,,0,,0
2026,New Jersey,,-7,,,,1.064746491,,0,,0
2023,New Mexico,,-58,,,,3.51427394,,0,,1
2024,New Mexico,,-58,,,,3.51427394,,0,,1
2025,New Mexico,,-58,,,,3.51427394,,0,,0
2026,New Mexico,,-58,,,,3.51427394,,0,,0
2023,New York,,-29,,,,8.980824614,,0,,1
2024,New York,,-29,,,,8.980824614,,0,,1
2025,New York,,-29,,,,8.980824614,,0,,0
2026,New York,,-29,,,,8.980824614,,0,,0
2023,North Carolina,11512,-5,,0.520868114,,0.686125668,,936,,0
2024,North Carolina,11512,-5,-5,0.506041222,0.520868114,0.686125668,0.686125668,712,936,0
2025,North Carolina,11512,-5,-5,0.42893617,0.506041222,0.686125668,0.686125668,504,712,0
2023,North Carolina,13591,-5,,0.046744574,,0.686125668,,84,,0
2024,North Carolina,13591,-5,-5,0.052594172,0.046744574,0.686125668,0.686125668,74,84,0
2025,North Carolina,13591,-5,-5,0.087659574,0.052594172,0.686125668,0.686125668,103,74,0
2023,North Carolina,17414,-5,,0.010573178,,0.686125668,,19,,0
2024,North Carolina,17414,-5,-5,0.021321962,0.010573178,0.686125668,0.686125668,30,19,0
2025,North Carolina,17414,-5,-5,0.034893617,0.021321962,0.686125668,0.686125668,41,30,0
2023,North Carolina,32237,-5,,0.002225932,,0.686125668,,4,,0
2024,North Carolina,32237,-5,-5,0.004264392,0.002225932,0.686125668,0.686125668,6,4,0
2025,North Carolina,32237,-5,-5,0.005106383,0.004264392,0.686125668,0.686125668,6,6,0
2023,North Carolina,40411,-5,,0.000556483,,0.686125668,,1,,0
2024,North Carolina,40411,-5,-5,0.000710732,0.000556483,0.686125668,0.686125668,1,1,1
2023,North Carolina,40435,-5,,0.000556483,,0.686125668,,1,,0
2024,North Carolina,40435,-5,-5,0.000710732,0.000556483,0.686125668,0.686125668,1,1,0
2025,North Carolina,40435,-5,-5,0.000851064,0.000710732,0.686125668,0.686125668,1,1,0
2023,North Carolina,44007,-5,,0.016694491,,0.686125668,,30,,0
2024,North Carolina,44007,-5,-5,0.021321962,0.016694491,0.686125668,0.686125668,30,30,0
2025,North Carolina,44007,-5,-5,0.025531915,0.021321962,0.686125668,0.686125668,30,30,0
2023,North Carolina,54332,-5,,0.051752922,,0.686125668,,93,,0
2024,North Carolina,54332,-5,-5,0.0554371,0.051752922,0.686125668,0.686125668,78,93,0
2025,North Carolina,54332,-5,-5,0.057021277,0.0554371,0.686125668,0.686125668,67,78,0
2023,North Carolina,55440,-5,,0.004451864,,0.686125668,,8,,0
2024,North Carolina,55440,-5,-5,0.005685856,0.004451864,0.686125668,0.686125668,8,8,0
2025,North Carolina,55440,-5,-5,0.006808511,0.005685856,0.686125668,0.686125668,8,8,0
2023,North Carolina,56891,-5,,0.011129661,,0.686125668,,20,,0
2024,North Carolina,56891,-5,-5,0.014214641,0.011129661,0.686125668,0.686125668,20,20,0
2025,North Carolina,56891,-5,-5,0.017021277,0.014214641,0.686125668,0.686125668,20,20,0
2023,North Carolina,61671,-5,,0.026711185,,0.686125668,,48,,0
2024,North Carolina,61671,-5,-5,0.041933191,0.026711185,0.686125668,0.686125668,59,48,0
2025,North Carolina,61671,-5,-5,0.060425532,0.041933191,0.686125668,0.686125668,71,59,0
2023,North Carolina,66759,-5,,0.006677796,,0.686125668,,12,,0
2024,North Carolina,66759,-5,-5,0.008528785,0.006677796,0.686125668,0.686125668,12,12,0
2025,North Carolina,66759,-5,-5,0.010212766,0.008528785,0.686125668,0.686125668,12,12,0
2023,North Carolina,69803,-5,,0.057317752,,0.686125668,,103,,0
2024,North Carolina,69803,-5,-5,0.046197584,0.057317752,0.686125668,0.686125668,65,103,0
2025,North Carolina,69803,-5,-5,0.085106383,0.046197584,0.686125668,0.686125668,100,65,0
2023,North Carolina,73943,-5,,0.045631608,,0.686125668,,82,,0
2024,North Carolina,73943,-5,-5,0.041933191,0.045631608,0.686125668,0.686125668,59,82,0
2025,North Carolina,73943,-5,-5,0.031489362,0.041933191,0.686125668,0.686125668,37,59,0
2023,North Carolina,77264,-5,,0.131886477,,0.686125668,,237,,0
2024,North Carolina,77264,-5,-5,0.168443497,0.131886477,0.686125668,0.686125668,237,237,0
2025,North Carolina,77264,-5,-5,0.133617021,0.168443497,0.686125668,0.686125668,157,237,0
2023,North Carolina,77320,-5,,0.059543684,,0.686125668,,107,,1
2023,North Carolina,82612,-5,,0.002225932,,0.686125668,,4,,0
2024,North Carolina,82612,-5,-5,0.002842928,0.002225932,0.686125668,0.686125668,4,4,0
2025,North Carolina,82612,-5,-5,0.005106383,0.002842928,0.686125668,0.686125668,6,4,0
2024,North Carolina,93383,-5,,0.002132196,,0.686125668,,3,,0
2025,North Carolina,93383,-5,-5,0.003404255,0.002132196,0.686125668,0.686125668,4,3,0
2023,North Carolina,94482,-5,,0.004451864,,0.686125668,,8,,0
2024,North Carolina,94482,-5,-5,0.005685856,0.004451864,0.686125668,0.686125668,8,8,0
2025,North Carolina,94482,-5,-5,0.006808511,0.005685856,0.686125668,0.686125668,8,8,0
2026,North Carolina,,-5,,,,0.686125668,,0,,0
2023,North Dakota,27882,-17,,0.032786885,,0.587095872,,10,,0
2024,North Dakota,27882,-17,-17,0.03021148,0.032786885,0.587095872,0.587095872,10,10,0
2025,North Dakota,27882,-17,-17,0.032894737,0.03021148,0.587095872,0.587095872,10,10,0
2023,North Dakota,37160,-17,,0.203278689,,0.587095872,,62,,0
2024,North Dakota,37160,-17,-17,0.208459215,0.203278689,0.587095872,0.587095872,69,62,0
2025,North Dakota,37160,-17,-17,0.213815789,0.208459215,0.587095872,0.587095872,65,69,0
2023,North Dakota,73751,-17,,0.357377049,,0.587095872,,109,,0
2024,North Dakota,73751,-17,-17,0.362537764,0.357377049,0.587095872,0.587095872,120,109,0
2025,North Dakota,73751,-17,-17,0.444078947,0.362537764,0.587095872,0.587095872,135,120,0
2023,North Dakota,75329,-17,,0.026229508,,0.587095872,,8,,0
2024,North Dakota,75329,-17,-17,0.024169184,0.026229508,0.587095872,0.587095872,8,8,0
2025,North Dakota,75329,-17,-17,0.026315789,0.024169184,0.587095872,0.587095872,8,8,0
2023,North Dakota,89364,-17,,0.380327869,,0.587095872,,116,,0
2024,North Dakota,89364,-17,-17,0.374622356,0.380327869,0.587095872,0.587095872,124,116,0
2025,North Dakota,89364,-17,-17,0.282894737,0.374622356,0.587095872,0.587095872,86,124,0
2026,North Dakota,,-17,,,,0.587095872,,0,,0
2025,Ohio,25945,0,,0.002727273,,1.20835283,,3,,0
2023,Ohio,28162,0,,0.137203166,,1.20835283,,260,,0
2024,Ohio,28162,0,0,0.102516309,0.137203166,1.20835283,1.20835283,110,260,0
2025,Ohio,28162,0,0,0.076363636,0.102516309,1.20835283,1.20835283,84,110,0
2023,Ohio,29276,0,,0.051187335,,1.20835283,,97,,0
2024,Ohio,29276,0,0,0.074557316,0.051187335,1.20835283,1.20835283,80,97,0
2025,Ohio,29276,0,0,0.062727273,0.074557316,1.20835283,1.20835283,69,80,0
2023,Ohio,29341,0,,0.113984169,,1.20835283,,216,,0
2024,Ohio,29341,0,0,0.064305685,0.113984169,1.20835283,1.20835283,69,216,0
2025,Ohio,29341,0,0,0.049090909,0.064305685,1.20835283,1.20835283,54,69,0
2023,Ohio,30042,0,,0.002110818,,1.20835283,,4,,0
2024,Ohio,30042,0,0,0.003727866,0.002110818,1.20835283,1.20835283,4,4,0
2025,Ohio,30042,0,0,0.003636364,0.003727866,1.20835283,1.20835283,4,4,0
2025,Ohio,31981,0,,0.07,,1.20835283,,77,,0
2023,Ohio,33931,0,,0.044854881,,1.20835283,,85,,0
2024,Ohio,33931,0,0,0.076421249,0.044854881,1.20835283,1.20835283,82,85,0
2025,Ohio,33931,0,0,0.081818182,0.076421249,1.20835283,1.20835283,90,82,0
2023,Ohio,34964,0,,0.004221636,,1.20835283,,8,,0
2024,Ohio,34964,0,0,0.007455732,0.004221636,1.20835283,1.20835283,8,8,0
2025,Ohio,34964,0,0,0.007272727,0.007455732,1.20835283,1.20835283,8,8,0
2023,Ohio,34968,0,,0.000527704,,1.20835283,,1,,0
2024,Ohio,34968,0,0,0.000931966,0.000527704,1.20835283,1.20835283,1,1,0
2025,Ohio,34968,0,0,0.000909091,0.000931966,1.20835283,1.20835283,1,1,0
2023,Ohio,41047,0,,0.0823219,,1.20835283,,156,,0
2024,Ohio,41047,0,0,0.111835974,0.0823219,1.20835283,1.20835283,120,156,0
2025,Ohio,41047,0,0,0.075454545,0.111835974,1.20835283,1.20835283,83,120,0
2023,Ohio,44346,0,,0.002110818,,1.20835283,,4,,0
2024,Ohio,44346,0,0,0.003727866,0.002110818,1.20835283,1.20835283,4,4,0
2025,Ohio,44346,0,0,0.003636364,0.003727866,1.20835283,1.20835283,4,4,0
2023,Ohio,45845,0,,0.074934037,,1.20835283,,142,,0
2024,Ohio,45845,0,0,0.068033551,0.074934037,1.20835283,1.20835283,73,142,0
2025,Ohio,45845,0,0,0.055454545,0.068033551,1.20835283,1.20835283,61,73,0
2023,Ohio,47509,0,,0.004221636,,1.20835283,,8,,0
2024,Ohio,47509,0,0,0.007455732,0.004221636,1.20835283,1.20835283,8,8,0
2025,Ohio,47509,0,0,0.007272727,0.007455732,1.20835283,1.20835283,8,8,0
2023,Ohio,52664,0,,0.055408971,,1.20835283,,105,,0
2024,Ohio,52664,0,0,0.064305685,0.055408971,1.20835283,1.20835283,69,105,0
2025,Ohio,52664,0,0,0.076363636,0.064305685,1.20835283,1.20835283,84,69,0
2024,Ohio,56726,0,,0.000931966,,1.20835283,,1,,0
2025,Ohio,56726,0,0,0.000909091,0.000931966,1.20835283,1.20835283,1,1,0
2023,Ohio,57086,0,,0.001055409,,1.20835283,,2,,0
2024,Ohio,57086,0,0,0.001863933,0.001055409,1.20835283,1.20835283,2,2,0
2025,Ohio,57086,0,0,0.001818182,0.001863933,1.20835283,1.20835283,2,2,0
2023,Ohio,64353,0,,0.017414248,,1.20835283,,33,,0
2024,Ohio,64353,0,0,0.037278658,0.017414248,1.20835283,1.20835283,40,33,0
2025,Ohio,64353,0,0,0.047272727,0.037278658,1.20835283,1.20835283,52,40,0
2023,Ohio,65869,0,,0.001055409,,1.20835283,,2,,0
2024,Ohio,65869,0,0,0.001863933,0.001055409,1.20835283,1.20835283,2,2,0
2025,Ohio,65869,0,0,0.001818182,0.001863933,1.20835283,1.20835283,2,2,0
2023,Ohio,68158,0,,0.005277045,,1.20835283,,10,,0
2024,Ohio,68158,0,0,0.009319664,0.005277045,1.20835283,1.20835283,10,10,0
2025,Ohio,68158,0,0,0.009090909,0.009319664,1.20835283,1.20835283,10,10,0
2024,Ohio,70455,0,,0.009319664,,1.20835283,,10,,0
2025,Ohio,70455,0,0,0.009090909,0.009319664,1.20835283,1.20835283,10,10,0
2023,Ohio,74313,0,,0.048548813,,1.20835283,,92,,0
2024,Ohio,74313,0,0,0.092264678,0.048548813,1.20835283,1.20835283,99,92,0
2025,Ohio,74313,0,0,0.094545455,0.092264678,1.20835283,1.20835283,104,99,0
2023,Ohio,77552,0,,0.034828496,,1.20835283,,66,,0
2024,Ohio,77552,0,0,0.082013048,0.034828496,1.20835283,1.20835283,88,66,0
2025,Ohio,77552,0,0,0.093636364,0.082013048,1.20835283,1.20835283,103,88,0
2023,Ohio,80627,0,,0.014775726,,1.20835283,,28,,0
2024,Ohio,80627,0,0,0.026095061,0.014775726,1.20835283,1.20835283,28,28,0
2025,Ohio,80627,0,0,0.025454545,0.026095061,1.20835283,1.20835283,28,28,0
2024,Ohio,84867,0,,0.04473439,,1.20835283,,48,,0
2025,Ohio,84867,0,0,0.060909091,0.04473439,1.20835283,1.20835283,67,48,0
2023,Ohio,86728,0,,0.008443272,,1.20835283,,16,,0
2024,Ohio,86728,0,0,0.016775396,0.008443272,1.20835283,1.20835283,18,16,0
2025,Ohio,86728,0,0,0.016363636,0.016775396,1.20835283,1.20835283,18,18,0
2023,Ohio,89819,0,,0.002110818,,1.20835283,,4,,0
2024,Ohio,89819,0,0,0.003727866,0.002110818,1.20835283,1.20835283,4,4,0
2025,Ohio,89819,0,0,0.005454545,0.003727866,1.20835283,1.20835283,6,4,0
2023,Ohio,97596,0,,0.001055409,,1.20835283,,2,,0
2024,Ohio,97596,0,0,0.001863933,0.001055409,1.20835283,1.20835283,2,2,0
2025,Ohio,97596,0,0,0.001818182,0.001863933,1.20835283,1.20835283,2,2,0
2023,Ohio,99734,0,,0.01055409,,1.20835283,,20,,0
2024,Ohio,99734,0,0,0.009319664,0.01055409,1.20835283,1.20835283,10,20,1
2023,Ohio,99969,0,,0.281794195,,1.20835283,,534,,0
2024,Ohio,99969,0,0,0.077353215,0.281794195,1.20835283,1.20835283,83,534,0
2025,Ohio,99969,0,0,0.059090909,0.077353215,1.20835283,1.20835283,65,83,0
2026,Ohio,,0,,,,1.20835283,,0,,0
2023,Oklahoma,12513,-2,,0.00407332,,0.777556991,,4,,0
2024,Oklahoma,12513,-2,-2,0.00440044,0.00407332,0.777556991,0.777556991,4,4,0
2025,Oklahoma,12513,-2,-2,0.006864989,0.00440044,0.777556991,0.777556991,6,4,0
2023,Oklahoma,13711,-2,,0.00610998,,0.777556991,,6,,0
2024,Oklahoma,13711,-2,-2,0.00660066,0.00610998,0.777556991,0.777556991,6,6,0
2025,Oklahoma,13711,-2,-2,0.006864989,0.00660066,0.777556991,0.777556991,6,6,0
2023,Oklahoma,21333,-2,,0.115071283,,0.777556991,,113,,0
2024,Oklahoma,21333,-2,-2,0.096809681,0.115071283,0.777556991,0.777556991,88,113,0
2025,Oklahoma,21333,-2,-2,0.161327231,0.096809681,0.777556991,0.777556991,141,88,0
2023,Oklahoma,23468,-2,,0.00407332,,0.777556991,,4,,0
2024,Oklahoma,23468,-2,-2,0.00440044,0.00407332,0.777556991,0.777556991,4,4,0
2025,Oklahoma,23468,-2,-2,0.004576659,0.00440044,0.777556991,0.777556991,4,4,0
2023,Oklahoma,40254,-2,,0.00814664,,0.777556991,,8,,0
2024,Oklahoma,40254,-2,-2,0.00880088,0.00814664,0.777556991,0.777556991,8,8,0
2025,Oklahoma,40254,-2,-2,0.009153318,0.00880088,0.777556991,0.777556991,8,8,0
2023,Oklahoma,45480,-2,,0.079429735,,0.777556991,,78,,0
2024,Oklahoma,45480,-2,-2,0.073707371,0.079429735,0.777556991,0.777556991,67,78,0
2025,Oklahoma,45480,-2,-2,0.076659039,0.073707371,0.777556991,0.777556991,67,67,0
2023,Oklahoma,45689,-2,,0.00203666,,0.777556991,,2,,0
2024,Oklahoma,45689,-2,-2,0.00220022,0.00203666,0.777556991,0.777556991,2,2,0
2025,Oklahoma,45689,-2,-2,0.00228833,0.00220022,0.777556991,0.777556991,2,2,0
2024,Oklahoma,58944,-2,,0.0330033,,0.777556991,,30,,0
2025,Oklahoma,58944,-2,-2,0.034324943,0.0330033,0.777556991,0.777556991,30,30,0
2023,Oklahoma,60283,-2,,0.00101833,,0.777556991,,1,,1
2023,Oklahoma,62505,-2,,0.106924644,,0.777556991,,105,,0
2024,Oklahoma,62505,-2,-2,0.123212321,0.106924644,0.777556991,0.777556991,112,105,0
2025,Oklahoma,62505,-2,-2,0.078947368,0.123212321,0.777556991,0.777556991,69,112,0
2023,Oklahoma,77760,-2,,0.00203666,,0.777556991,,2,,0
2024,Oklahoma,77760,-2,-2,0.00220022,0.00203666,0.777556991,0.777556991,2,2,0
2025,Oklahoma,77760,-2,-2,0.00228833,0.00220022,0.777556991,0.777556991,2,2,0
2023,Oklahoma,81457,-2,,0.010183299,,0.777556991,,10,,0
2024,Oklahoma,81457,-2,-2,0.0110011,0.010183299,0.777556991,0.777556991,10,10,0
2025,Oklahoma,81457,-2,-2,0.011441648,0.0110011,0.777556991,0.777556991,10,10,0
2023,Oklahoma,87571,-2,,0.418533605,,0.777556991,,411,,0
2024,Oklahoma,87571,-2,-2,0.514851485,0.418533605,0.777556991,0.777556991,468,411,0
2025,Oklahoma,87571,-2,-2,0.490846682,0.514851485,0.777556991,0.777556991,429,468,0
2023,Oklahoma,91538,-2,,0.108961303,,0.777556991,,107,,1
2023,Oklahoma,91908,-2,,0.077393075,,0.777556991,,76,,0
2024,Oklahoma,91908,-2,-2,0.062706271,0.077393075,0.777556991,0.777556991,57,76,0
2025,Oklahoma,91908,-2,-2,0.060640732,0.062706271,0.777556991,0.777556991,53,57,0
2023,Oklahoma,98905,-2,,0.056008147,,0.777556991,,55,,0
2024,Oklahoma,98905,-2,-2,0.056105611,0.056008147,0.777556991,0.777556991,51,55,0
2025,Oklahoma,98905,-2,-2,0.053775744,0.056105611,0.777556991,0.777556991,47,51,0
2026,Oklahoma,,-2,,,,0.777556991,,0,,0
2023,Oregon,10091,-8,,0.125,,4.934904931,,53,,0
2024,Oregon,10091,-8,-8,0.130331754,0.125,4.934904931,4.934904931,55,53,0
2025,Oregon,10091,-8,-8,0.156923077,0.130331754,4.934904931,4.934904931,51,55,0
2023,Oregon,25486,-8,,0.014150943,,4.934904931,,6,,0
2024,Oregon,25486,-8,-8,0.014218009,0.014150943,4.934904931,4.934904931,6,6,0
2025,Oregon,25486,-8,-8,0.018461538,0.014218009,4.934904931,4.934904931,6,6,0
2023,Oregon,28415,-8,,0.014150943,,4.934904931,,6,,0
2024,Oregon,28415,-8,-8,0.014218009,0.014150943,4.934904931,4.934904931,6,6,0
2025,Oregon,28415,-8,-8,0.018461538,0.014218009,4.934904931,4.934904931,6,6,0
2023,Oregon,39424,-8,,0.29009434,,4.934904931,,123,,0
2024,Oregon,39424,-8,-8,0.291469194,0.29009434,4.934904931,4.934904931,123,123,0
2025,Oregon,39424,-8,-8,0.206153846,0.291469194,4.934904931,4.934904931,67,123,0
2023,Oregon,56707,-8,,0.125,,4.934904931,,53,,0
2024,Oregon,56707,-8,-8,0.125592417,0.125,4.934904931,4.934904931,53,53,0
2025,Oregon,56707,-8,-8,0.163076923,0.125592417,4.934904931,4.934904931,53,53,0
2023,Oregon,63474,-8,,0.035377358,,4.934904931,,15,,0
2024,Oregon,63474,-8,-8,0.035545024,0.035377358,4.934904931,4.934904931,15,15,0
2025,Oregon,63474,-8,-8,0.046153846,0.035545024,4.934904931,4.934904931,15,15,0
2023,Oregon,68420,-8,,0.009433962,,4.934904931,,4,,0
2024,Oregon,68420,-8,-8,0.009478673,0.009433962,4.934904931,4.934904931,4,4,0
2025,Oregon,68420,-8,-8,0.012307692,0.009478673,4.934904931,4.934904931,4,4,0
2023,Oregon,71287,-8,,0.146226415,,4.934904931,,62,,0
2024,Oregon,71287,-8,-8,0.146919431,0.146226415,4.934904931,4.934904931,62,62,0
2025,Oregon,71287,-8,-8,0.156923077,0.146919431,4.934904931,4.934904931,51,62,0
2023,Oregon,77969,-8,,0.212264151,,4.934904931,,90,,0
2024,Oregon,77969,-8,-8,0.203791469,0.212264151,4.934904931,4.934904931,86,90,0
2025,Oregon,77969,-8,-8,0.184615385,0.203791469,4.934904931,4.934904931,60,86,0
2023,Oregon,98884,-8,,0.028301887,,4.934904931,,12,,0
2024,Oregon,98884,-8,-8,0.028436019,0.028301887,4.934904931,4.934904931,12,12,0
2025,Oregon,98884,-8,-8,0.036923077,0.028436019,4.934904931,4.934904931,12,12,0
2026,Oregon,,-8,,,,4.934904931,,0,,0
2023,Pennsylvania,,-17,,,,1.65540882,,0,,1
2024,Pennsylvania,,-17,,,,1.65540882,,0,,1
2025,Pennsylvania,,-17,,,,1.65540882,,0,,0
2026,Pennsylvania,,-17,,,,1.65540882,,0,,0
2023,Rhode Island,,-18,,,,1.815300235,,0,,1
2024,Rhode Island,,-18,,,,1.815300235,,0,,1
2025,Rhode Island,,-18,,,,1.815300235,,0,,0
2026,Rhode Island,,-18,,,,1.815300235,,0,,0
2023,South Carolina,26065,0,,0.389105058,,0,,200,,0
2024,South Carolina,26065,0,0,0.435483871,0.389105058,0,0,270,200,0
2025,South Carolina,26065,0,0,0.570588235,0.435483871,0,0,388,270,0
2023,South Carolina,32126,0,,0.007782101,,0,,4,,0
2024,South Carolina,32126,0,0,0.006451613,0.007782101,0,0,4,4,0
2025,South Carolina,32126,0,0,0.008823529,0.006451613,0,0,6,4,0
2024,South Carolina,33764,0,,0.103225806,,0,,64,,0
2025,South Carolina,33764,0,0,0.088235294,0.103225806,0,0,60,64,0
2025,South Carolina,33863,0,,0.047058824,,0,,32,,0
2023,South Carolina,42326,0,,0.064202335,,0,,33,,0
2024,South Carolina,42326,0,0,0.064516129,0.064202335,0,0,40,33,0
2025,South Carolina,42326,0,0,0.058823529,0.064516129,0,0,40,40,0
2024,South Carolina,47973,0,,0.006451613,,0,,4,,0
2025,South Carolina,47973,0,0,0.005882353,0.006451613,0,0,4,4,0
2023,South Carolina,73033,0,,0.188715953,,0,,97,,0
2024,South Carolina,73033,0,0,0.09516129,0.188715953,0,0,59,97,1
2023,South Carolina,73107,0,,0.036964981,,0,,19,,0
2024,South Carolina,73107,0,0,0.048387097,0.036964981,0,0,30,19,0
2025,South Carolina,73107,0,0,0.060294118,0.048387097,0,0,41,30,0
2023,South Carolina,79222,0,,0.260700389,,0,,134,,0
2024,South Carolina,79222,0,0,0.198387097,0.260700389,0,0,123,134,0
2025,South Carolina,79222,0,0,0.122058824,0.198387097,0,0,83,123,0
2023,South Carolina,84939,0,,0.015564202,,0,,8,,0
2024,South Carolina,84939,0,0,0.012903226,0.015564202,0,0,8,8,0
2025,South Carolina,84939,0,0,0.011764706,0.012903226,0,0,8,8,0
2023,South Carolina,84966,0,,0.001945525,,0,,1,,1
2023,South Carolina,89281,0,,0.015564202,,0,,8,,0
2024,South Carolina,89281,0,0,0.012903226,0.015564202,0,0,8,8,0
2025,South Carolina,89281,0,0,0.011764706,0.012903226,0,0,8,8,0
2023,South Carolina,97325,0,,0.019455253,,0,,10,,0
2024,South Carolina,97325,0,0,0.016129032,0.019455253,0,0,10,10,0
2025,South Carolina,97325,0,0,0.014705882,0.016129032,0,0,10,10,0
2026,South Carolina,,0,,,,0,,0,,0
2023,South Dakota,25868,-13,,0.012345679,,0.545366495,,4,,1
2023,South Dakota,31195,-13,,0.358024691,,0.545366495,,116,,0
2024,South Dakota,31195,-13,-13,0.344444444,0.358024691,0.545366495,0.545366495,124,116,0
2025,South Dakota,31195,-13,-13,0.285714286,0.344444444,0.545366495,0.545366495,86,124,0
2023,South Dakota,50305,-13,,0.104938272,,0.545366495,,34,,0
2024,South Dakota,50305,-13,-13,0.188888889,0.104938272,0.545366495,0.545366495,68,34,0
2025,South Dakota,50305,-13,-13,0.225913621,0.188888889,0.545366495,0.545366495,68,68,0
2023,South Dakota,60536,-13,,0.5,,0.545366495,,162,,0
2024,South Dakota,60536,-13,-13,0.444444444,0.5,0.545366495,0.545366495,160,162,0
2025,South Dakota,60536,-13,-13,0.46179402,0.444444444,0.545366495,0.545366495,139,160,0
2023,South Dakota,61214,-13,,0.024691358,,0.545366495,,8,,0
2024,South Dakota,61214,-13,-13,0.022222222,0.024691358,0.545366495,0.545366495,8,8,0
2025,South Dakota,61214,-13,-13,0.026578073,0.022222222,0.545366495,0.545366495,8,8,0
2026,South Dakota,,-13,,,,0.545366495,,0,,0
2023,Tennessee,14002,-4,,0.639871383,,0,,995,,0
2024,Tennessee,14002,-4,-4,0.568160153,0.639871383,0,0,596,995,0
2025,Tennessee,14002,-4,-4,0.57245509,0.568160153,0,0,478,596,0
2023,Tennessee,21535,-4,,0.000643087,,0,,1,,1
2023,Tennessee,22384,-4,,0.002572347,,0,,4,,0
2024,Tennessee,22384,-4,-4,0.003813155,0.002572347,0,0,4,4,0
2025,Tennessee,22384,-4,-4,0.004790419,0.003813155,0,0,4,4,0
2023,Tennessee,23552,-4,,0.064308682,,0,,100,,0
2024,Tennessee,23552,-4,-4,0.06577693,0.064308682,0,0,69,100,0
2025,Tennessee,23552,-4,-4,0.073053892,0.06577693,0,0,61,69,0
2023,Tennessee,24601,-4,,0.005144695,,0,,8,,0
2024,Tennessee,24601,-4,-4,0.007626311,0.005144695,0,0,8,8,0
2025,Tennessee,24601,-4,-4,0.009580838,0.007626311,0,0,8,8,0
2023,Tennessee,28398,-4,,0.002572347,,0,,4,,0
2024,Tennessee,28398,-4,-4,0.003813155,0.002572347,0,0,4,4,0
2025,Tennessee,28398,-4,-4,0.007185629,0.003813155,0,0,6,4,0
2025,Tennessee,29854,-4,,0.053892216,,0,,45,,0
2023,Tennessee,31663,-4,,0.030868167,,0,,48,,0
2024,Tennessee,31663,-4,-4,0.035271687,0.030868167,0,0,37,48,1
2023,Tennessee,38886,-4,,0.006430868,,0,,10,,0
2024,Tennessee,38886,-4,-4,0.009532888,0.006430868,0,0,10,10,1
2023,Tennessee,43878,-4,,0.003858521,,0,,6,,0
2024,Tennessee,43878,-4,-4,0.005719733,0.003858521,0,0,6,6,0
2025,Tennessee,43878,-4,-4,0.007185629,0.005719733,0,0,6,6,0
2023,Tennessee,69443,-4,,0.052733119,,0,,82,,0
2024,Tennessee,69443,-4,-4,0.063870353,0.052733119,0,0,67,82,0
2025,Tennessee,69443,-4,-4,0.074251497,0.063870353,0,0,62,67,0
2023,Tennessee,70111,-4,,0.11511254,,0,,179,,0
2024,Tennessee,70111,-4,-4,0.156339371,0.11511254,0,0,164,179,0
2025,Tennessee,70111,-4,-4,0.116167665,0.156339371,0,0,97,164,0
2023,Tennessee,82120,-4,,0.003858521,,0,,6,,0
2024,Tennessee,82120,-4,-4,0.005719733,0.003858521,0,0,6,6,0
2025,Tennessee,82120,-4,-4,0.007185629,0.005719733,0,0,6,6,0
2023,Tennessee,90402,-4,,0.005144695,,0,,8,,0
2024,Tennessee,90402,-4,-4,0.007626311,0.005144695,0,0,8,8,0
2025,Tennessee,90402,-4,-4,0.009580838,0.007626311,0,0,8,8,0
2023,Tennessee,97536,-4,,0.002572347,,0,,4,,0
2024,Tennessee,97536,-4,-4,0.003813155,0.002572347,0,0,4,4,0
2025,Tennessee,97536,-4,-4,0.004790419,0.003813155,0,0,4,4,0
2023,Tennessee,99248,-4,,0.064308682,,0,,100,,0
2024,Tennessee,99248,-4,-4,0.062917064,0.064308682,0,0,66,100,0
2025,Tennessee,99248,-4,-4,0.05988024,0.062917064,0,0,50,66,0
2026,Tennessee,,-4,,,,0,,0,,0
2025,Texas,11718,-10,,0.006330449,,0,,30,,0
2023,Texas,12846,-10,,0.002089864,,0,,10,,0
2024,Texas,12846,-10,-10,0.002153316,0.002089864,0,0,10,10,0
2025,Texas,12846,-10,-10,0.00211015,0.002153316,0,0,10,10,0
2023,Texas,17933,-10,,0.008777429,,0,,42,,0
2024,Texas,17933,-10,-10,0.011197244,0.008777429,0,0,52,42,0
2025,Texas,17933,-10,-10,0.010972779,0.011197244,0,0,52,52,0
2023,Texas,18636,-10,,0.002089864,,0,,10,,0
2024,Texas,18636,-10,-10,0.002153316,0.002089864,0,0,10,10,1
2023,Texas,20069,-10,,0.035527691,,0,,170,,0
2024,Texas,20069,-10,-10,0.022609819,0.035527691,0,0,105,170,0
2025,Texas,20069,-10,-10,0.078919603,0.022609819,0,0,374,105,0
2023,Texas,23891,-10,,0.000835946,,0,,4,,0
2024,Texas,23891,-10,-10,0.000861326,0.000835946,0,0,4,4,0
2025,Texas,23891,-10,-10,0.00084406,0.000861326,0,0,4,4,0
2023,Texas,24349,-10,,0.001044932,,0,,5,,0
2024,Texas,24349,-10,-10,0.001076658,0.001044932,0,0,5,5,0
2025,Texas,24349,-10,-10,0.001055075,0.001076658,0,0,5,5,0
2023,Texas,26250,-10,,0.000417973,,0,,2,,0
2024,Texas,26250,-10,-10,0.000430663,0.000417973,0,0,2,2,0
2025,Texas,26250,-10,-10,0.00042203,0.000430663,0,0,2,2,0
2023,Texas,26539,-10,,0.009404389,,0,,45,,1
2023,Texas,27248,-10,,0.01400209,,0,,67,,0
2024,Texas,27248,-10,-10,0.013565891,0.01400209,0,0,63,67,0
2025,Texas,27248,-10,-10,0.009495674,0.013565891,0,0,45,63,0
2023,Texas,29418,-10,,0.016091954,,0,,77,,0
2024,Texas,29418,-10,-10,0.018949182,0.016091954,0,0,88,77,0
2025,Texas,29418,-10,-10,0.012449884,0.018949182,0,0,59,88,0
2023,Texas,33602,-10,,0.57492163,,0,,2751,,0
2024,Texas,33602,-10,-10,0.612403101,0.57492163,0,0,2844,2751,0
2025,Texas,33602,-10,-10,0.555180418,0.612403101,0,0,2631,2844,0
2023,Texas,33626,-10,,0.000417973,,0,,2,,0
2024,Texas,33626,-10,-10,0.000430663,0.000417973,0,0,2,2,0
2025,Texas,33626,-10,-10,0.00042203,0.000430663,0,0,2,2,0
2023,Texas,34826,-10,,0.006269592,,0,,30,,0
2024,Texas,34826,-10,-10,0.007321275,0.006269592,0,0,34,30,0
2025,Texas,34826,-10,-10,0.007174509,0.007321275,0,0,34,34,0
2023,Texas,40220,-10,,0.019435737,,0,,93,,0
2024,Texas,40220,-10,-10,0.021748493,0.019435737,0,0,101,93,0
2025,Texas,40220,-10,-10,0.017303229,0.021748493,0,0,82,101,0
2023,Texas,40540,-10,,0.002089864,,0,,10,,0
2024,Texas,40540,-10,-10,0.002153316,0.002089864,0,0,10,10,0
2025,Texas,40540,-10,-10,0.00211015,0.002153316,0,0,10,10,0
2023,Texas,40788,-10,,0.009404389,,0,,45,,0
2024,Texas,40788,-10,-10,0.009689922,0.009404389,0,0,45,45,0
2025,Texas,40788,-10,-10,0.009495674,0.009689922,0,0,45,45,0
2023,Texas,45786,-10,,0.008359457,,0,,40,,0
2024,Texas,45786,-10,-10,0.010120586,0.008359457,0,0,47,40,0
2025,Texas,45786,-10,-10,0.009284659,0.010120586,0,0,44,47,0
2025,Texas,47501,-10,,0.021734543,,0,,103,,0
2023,Texas,47665,-10,,0.001671891,,0,,8,,0
2024,Texas,47665,-10,-10,0.001722653,0.001671891,0,0,8,8,0
2025,Texas,47665,-10,-10,0.00168812,0.001722653,0,0,8,8,0
2023,Texas,48364,-10,,0.000208986,,0,,1,,0
2024,Texas,48364,-10,-10,0.000215332,0.000208986,0,0,1,1,0
2025,Texas,48364,-10,-10,0.000211015,0.000215332,0,0,1,1,0
2023,Texas,53108,-10,,0.000417973,,0,,2,,1
2023,Texas,57125,-10,,0.010031348,,0,,48,,0
2024,Texas,57125,-10,-10,0.00796727,0.010031348,0,0,37,48,1
2023,Texas,58609,-10,,0.001253918,,0,,6,,0
2024,Texas,58609,-10,-10,0.00129199,0.001253918,0,0,6,6,0
2025,Texas,58609,-10,-10,0.00126609,0.00129199,0,0,6,6,0
2023,Texas,58840,-10,,0.058934169,,0,,282,,0
2024,Texas,58840,-10,-10,0.080964686,0.058934169,0,0,376,282,0
2025,Texas,58840,-10,-10,0.013926989,0.080964686,0,0,66,376,0
2023,Texas,61315,-10,,0.000835946,,0,,4,,0
2024,Texas,61315,-10,-10,0.000861326,0.000835946,0,0,4,4,0
2025,Texas,61315,-10,-10,0.00126609,0.000861326,0,0,6,4,0
2023,Texas,63141,-10,,0.001253918,,0,,6,,0
2024,Texas,63141,-10,-10,0.00129199,0.001253918,0,0,6,6,0
2025,Texas,63141,-10,-10,0.00126609,0.00129199,0,0,6,6,0
2023,Texas,63251,-10,,0.004597701,,0,,22,,0
2024,Texas,63251,-10,-10,0.004737295,0.004597701,0,0,22,22,0
2025,Texas,63251,-10,-10,0.00464233,0.004737295,0,0,22,22,0
2023,Texas,66252,-10,,0.144200627,,0,,690,,0
2024,Texas,66252,-10,-10,0.101205857,0.144200627,0,0,470,690,0
2025,Texas,66252,-10,-10,0.162481536,0.101205857,0,0,770,470,0
2023,Texas,71837,-10,,0.008777429,,0,,42,,0
2024,Texas,71837,-10,-10,0.011197244,0.008777429,0,0,52,42,0
2025,Texas,71837,-10,-10,0.007807554,0.011197244,0,0,37,52,0
2023,Texas,76589,-10,,0.020062696,,0,,96,,0
2024,Texas,76589,-10,-10,0.014427218,0.020062696,0,0,67,96,0
2025,Texas,76589,-10,-10,0.022367588,0.014427218,0,0,106,67,0
2023,Texas,87226,-10,,0.034691745,,0,,166,,0
2024,Texas,87226,-10,-10,0.035745047,0.034691745,0,0,166,166,0
2025,Texas,87226,-10,-10,0.036294577,0.035745047,0,0,172,166,0
2023,Texas,90453,-10,,0.000208986,,0,,1,,1
2023,Texas,91476,-10,,0.001044932,,0,,5,,0
2024,Texas,91476,-10,-10,0.001076658,0.001044932,0,0,5,5,0
2025,Texas,91476,-10,-10,0.001055075,0.001076658,0,0,5,5,0
2023,Texas,92388,-10,,0.000208986,,0,,1,,0
2024,Texas,92388,-10,-10,0.000215332,0.000208986,0,0,1,1,0
2025,Texas,92388,-10,-10,0.000211015,0.000215332,0,0,1,1,0
2024,Texas,98809,-10,,0.000215332,,0,,1,,0
2025,Texas,98809,-10,-10,0.000211015,0.000215332,0,0,1,1,0
2023,Texas,98899,-10,,0.000417973,,0,,2,,1
2026,Texas,,-10,,,,0,,0,,0
2023,Utah,14948,-26,,0.005555556,,0.195714523,,3,,0
2024,Utah,14948,-26,-26,0.00625,0.005555556,0.195714523,0.195714523,3,3,0
2025,Utah,14948,-26,-26,0.007672634,0.00625,0.195714523,0.195714523,3,3,0
2023,Utah,18167,-26,,0.061111111,,0.195714523,,33,,0
2024,Utah,18167,-26,-26,0.083333333,0.061111111,0.195714523,0.195714523,40,33,0
2025,Utah,18167,-26,-26,0.10230179,0.083333333,0.195714523,0.195714523,40,40,0
2023,Utah,22013,-26,,0.124074074,,0.195714523,,67,,0
2024,Utah,22013,-26,-26,0.147916667,0.124074074,0.195714523,0.195714523,71,67,0
2025,Utah,22013,-26,-26,0.143222506,0.147916667,0.195714523,0.195714523,56,71,0
2023,Utah,34028,-26,,0.011111111,,0.195714523,,6,,0
2024,Utah,34028,-26,-26,0.0125,0.011111111,0.195714523,0.195714523,6,6,0
2025,Utah,34028,-26,-26,0.015345269,0.0125,0.195714523,0.195714523,6,6,0
2023,Utah,34541,-26,,0.035185185,,0.195714523,,19,,0
2024,Utah,34541,-26,-26,0.03125,0.035185185,0.195714523,0.195714523,15,19,0
2025,Utah,34541,-26,-26,0.038363171,0.03125,0.195714523,0.195714523,15,15,0
2024,Utah,38927,-26,,0.1,,0.195714523,,48,,0
2025,Utah,38927,-26,-26,0.115089514,0.1,0.195714523,0.195714523,45,48,0
2023,Utah,40335,-26,,0.011111111,,0.195714523,,6,,0
2024,Utah,40335,-26,-26,0.0125,0.011111111,0.195714523,0.195714523,6,6,0
2025,Utah,40335,-26,-26,0.015345269,0.0125,0.195714523,0.195714523,6,6,0
2023,Utah,42261,-26,,0.140740741,,0.195714523,,76,,0
2024,Utah,42261,-26,-26,0.15,0.140740741,0.195714523,0.195714523,72,76,0
2025,Utah,42261,-26,-26,0.153452685,0.15,0.195714523,0.195714523,60,72,0
2023,Utah,42757,-26,,0.014814815,,0.195714523,,8,,0
2024,Utah,42757,-26,-26,0.016666667,0.014814815,0.195714523,0.195714523,8,8,0
2025,Utah,42757,-26,-26,0.020460358,0.016666667,0.195714523,0.195714523,8,8,0
2023,Utah,46958,-26,,0.003703704,,0.195714523,,2,,0
2024,Utah,46958,-26,-26,0.004166667,0.003703704,0.195714523,0.195714523,2,2,0
2025,Utah,46958,-26,-26,0.00511509,0.004166667,0.195714523,0.195714523,2,2,0
2023,Utah,61558,-26,,0.011111111,,0.195714523,,6,,0
2024,Utah,61558,-26,-26,0.0125,0.011111111,0.195714523,0.195714523,6,6,0
2025,Utah,61558,-26,-26,0.015345269,0.0125,0.195714523,0.195714523,6,6,0
2023,Utah,68781,-26,,0.409259259,,0.195714523,,221,,0
2024,Utah,68781,-26,-26,0.252083333,0.409259259,0.195714523,0.195714523,121,221,0
2025,Utah,68781,-26,-26,0.268542199,0.252083333,0.195714523,0.195714523,105,121,0
2023,Utah,71246,-26,,0.005555556,,0.195714523,,3,,0
2024,Utah,71246,-26,-26,0.00625,0.005555556,0.195714523,0.195714523,3,3,0
2025,Utah,71246,-26,-26,0.007672634,0.00625,0.195714523,0.195714523,3,3,0
2023,Utah,81808,-26,,0.151851852,,0.195714523,,82,,0
2024,Utah,81808,-26,-26,0.09375,0.151851852,0.195714523,0.195714523,45,82,1
2023,Utah,87169,-26,,0.014814815,,0.195714523,,8,,0
2024,Utah,87169,-26,-26,0.016666667,0.014814815,0.195714523,0.195714523,8,8,0
2025,Utah,87169,-26,-26,0.020460358,0.016666667,0.195714523,0.195714523,8,8,0
2025,Utah,97462,-26,,0.00511509,,0.195714523,,2,,0
2024,Utah,98113,-26,,0.054166667,,0.195714523,,26,,0
2025,Utah,98113,-26,-26,0.066496164,0.054166667,0.195714523,0.195714523,26,26,0
2026,Utah,,-26,,,,0.195714523,,0,,0
2023,Vermont,,-10,,,,1.863915769,,0,,1
2024,Vermont,,-10,,,,1.863915769,,0,,1
2025,Vermont,,-10,,,,1.863915769,,0,,0
2026,Vermont,,-10,,,,1.863915769,,0,,0
2023,Virginia,10207,0,,0.036275695,,1.618804905,,30,,1
2023,Virginia,16064,0,,0.006045949,,1.618804905,,5,,1
2023,Virginia,20507,0,,0.054413543,,1.618804905,,45,,1
2023,Virginia,24251,0,,0.082224909,,1.618804905,,68,,1
2023,Virginia,24832,0,,0.006045949,,1.618804905,,5,,1
2023,Virginia,25922,0,,0.120918984,,1.618804905,,100,,1
2023,Virginia,31319,0,,0.00241838,,1.618804905,,2,,1
2023,Virginia,37204,0,,0.027811366,,1.618804905,,23,,1
2023,Virginia,38234,0,,0.053204353,,1.618804905,,44,,1
2023,Virginia,40198,0,,0.009673519,,1.618804905,,8,,1
2023,Virginia,40308,0,,0.033857316,,1.618804905,,28,,1
2023,Virginia,41921,0,,0.123337364,,1.618804905,,102,,1
2023,Virginia,42808,0,,0.009673519,,1.618804905,,8,,1
2023,Virginia,54965,0,,0.029020556,,1.618804905,,24,,1
2023,Virginia,69103,0,,0.012091898,,1.618804905,,10,,1
2023,Virginia,86443,0,,0.058041112,,1.618804905,,48,,1
2023,Virginia,88380,0,,0.07980653,,1.618804905,,66,,1
2023,Virginia,93187,0,,0.116082225,,1.618804905,,96,,1
2023,Virginia,95185,0,,0.136638452,,1.618804905,,113,,1
2023,Virginia,97762,0,,0.00241838,,1.618804905,,2,,1
2024,Virginia,,0,,,,1.618804905,,0,,1
2025,Virginia,,0,,,,1.618804905,,0,,0
2026,Virginia,,0,,,,1.618804905,,0,,0
2023,Washington,,-22,,,,1.939151989,,0,,1
2024,Washington,,-22,,,,1.939151989,,0,,1
2025,Washington,,-22,,,,1.939151989,,0,,0
2026,Washington,,-22,,,,1.939151989,,0,,0
2023,West Virginia,31274,-37,,0.443609023,,2.535753133,,59,,0
2024,West Virginia,31274,-37,-37,0.389534884,0.443609023,2.535753133,2.535753133,67,59,0
2025,West Virginia,31274,-37,-37,0.372222222,0.389534884,2.535753133,2.535753133,67,67,0
2023,West Virginia,50328,-37,,0.526315789,,2.535753133,,70,,0
2024,West Virginia,50328,-37,-37,0.593023256,0.526315789,2.535753133,2.535753133,102,70,0
2025,West Virginia,50328,-37,-37,0.611111111,0.593023256,2.535753133,2.535753133,110,102,0
2023,West Virginia,76526,-37,,0.022556391,,2.535753133,,3,,0
2024,West Virginia,76526,-37,-37,0.01744186,0.022556391,2.535753133,2.535753133,3,3,0
2025,West Virginia,76526,-37,-37,0.016666667,0.01744186,2.535753133,2.535753133,3,3,0
2023,West Virginia,94562,-37,,0.007518797,,2.535753133,,1,,1
2026,West Virginia,,-37,,,,2.535753133,,0,,0
2023,Wisconsin,14630,-9,,0.024092053,,0,,67,,0
2024,Wisconsin,14630,-9,-9,0.02936021,0.024092053,0,0,67,67,0
2025,Wisconsin,14630,-9,-9,0.027319588,0.02936021,0,0,53,67,0
2023,Wisconsin,20173,-9,,0.036677454,,0,,102,,0
2024,Wisconsin,20173,-9,-9,0.032427695,0.036677454,0,0,74,102,0
2025,Wisconsin,20173,-9,-9,0.035051546,0.032427695,0,0,68,74,0
2023,Wisconsin,34210,-9,,0.002157497,,0,,6,,0
2024,Wisconsin,34210,-9,-9,0.002629273,0.002157497,0,0,6,6,0
2025,Wisconsin,34210,-9,-9,0.003092784,0.002629273,0,0,6,6,0
2023,Wisconsin,37833,-9,,0.256742179,,0,,714,,0
2024,Wisconsin,37833,-9,-9,0.093777388,0.256742179,0,0,214,714,0
2025,Wisconsin,37833,-9,-9,0.181443299,0.093777388,0,0,352,214,0
2023,Wisconsin,38166,-9,,0.091334052,,0,,254,,0
2024,Wisconsin,38166,-9,-9,0.111305872,0.091334052,0,0,254,254,0
2025,Wisconsin,38166,-9,-9,0.130927835,0.111305872,0,0,254,254,0
2023,Wisconsin,38345,-9,,0.178712693,,0,,497,,0
2024,Wisconsin,38345,-9,-9,0.178352323,0.178712693,0,0,407,497,0
2025,Wisconsin,38345,-9,-9,0.072680412,0.178352323,0,0,141,407,0
2023,Wisconsin,49941,-9,,0.002876663,,0,,8,,0
2024,Wisconsin,49941,-9,-9,0.003505697,0.002876663,0,0,8,8,0
2025,Wisconsin,49941,-9,-9,0.004123711,0.003505697,0,0,8,8,0
2023,Wisconsin,52697,-9,,0.011866235,,0,,33,,0
2024,Wisconsin,52697,-9,-9,0.017528484,0.011866235,0,0,40,33,0
2025,Wisconsin,52697,-9,-9,0.020618557,0.017528484,0,0,40,40,0
2023,Wisconsin,57845,-9,,0.043149946,,0,,120,,0
2024,Wisconsin,57845,-9,-9,0.051709027,0.043149946,0,0,118,120,0
2025,Wisconsin,57845,-9,-9,0.069587629,0.051709027,0,0,135,118,0
2023,Wisconsin,58326,-9,,0.014742898,,0,,41,,0
2024,Wisconsin,58326,-9,-9,0.016213848,0.014742898,0,0,37,41,0
2025,Wisconsin,58326,-9,-9,0.019072165,0.016213848,0,0,37,37,0
2024,Wisconsin,65736,-9,,0.005258545,,0,,12,,0
2025,Wisconsin,65736,-9,-9,0.006185567,0.005258545,0,0,12,12,0
2024,Wisconsin,69380,-9,,0.001752848,,0,,4,,0
2025,Wisconsin,69380,-9,-9,0.002061856,0.001752848,0,0,4,4,0
2023,Wisconsin,69589,-9,,0.002876663,,0,,8,,0
2024,Wisconsin,69589,-9,-9,0.003505697,0.002876663,0,0,8,8,0
2025,Wisconsin,69589,-9,-9,0.004123711,0.003505697,0,0,8,8,0
2023,Wisconsin,79475,-9,,0.115066523,,0,,320,,0
2024,Wisconsin,79475,-9,-9,0.171779141,0.115066523,0,0,392,320,0
2025,Wisconsin,79475,-9,-9,0.18556701,0.171779141,0,0,360,392,0
2023,Wisconsin,79597,-9,,0.003955412,,0,,11,,0
2024,Wisconsin,79597,-9,-9,0.004820333,0.003955412,0,0,11,11,0
2025,Wisconsin,79597,-9,-9,0.005670103,0.004820333,0,0,11,11,0
2024,Wisconsin,80180,-9,,0.027607362,,0,,63,,0
2025,Wisconsin,80180,-9,-9,0.034536082,0.027607362,0,0,67,63,0
2023,Wisconsin,81335,-9,,0.000359583,,0,,1,,1
2023,Wisconsin,81413,-9,,0.033081625,,0,,92,,0
2024,Wisconsin,81413,-9,-9,0.036809816,0.033081625,0,0,84,92,0
2025,Wisconsin,81413,-9,-9,0.062886598,0.036809816,0,0,122,84,0
2023,Wisconsin,86584,-9,,0.02373247,,0,,66,,0
2024,Wisconsin,86584,-9,-9,0.028921998,0.02373247,0,0,66,66,0
2025,Wisconsin,86584,-9,-9,0.029896907,0.028921998,0,0,58,66,0
2023,Wisconsin,87416,-9,,0.086659475,,0,,241,,0
2024,Wisconsin,87416,-9,-9,0.109991236,0.086659475,0,0,251,241,0
2025,Wisconsin,87416,-9,-9,0.04742268,0.109991236,0,0,92,251,0
2023,Wisconsin,90028,-9,,0.003595829,,0,,10,,0
2024,Wisconsin,90028,-9,-9,0.003505697,0.003595829,0,0,8,10,0
2025,Wisconsin,90028,-9,-9,0.004123711,0.003505697,0,0,8,8,0
2023,Wisconsin,91604,-9,,0.000719166,,0,,2,,0
2024,Wisconsin,91604,-9,-9,0.000876424,0.000719166,0,0,2,2,0
2025,Wisconsin,91604,-9,-9,0.001030928,0.000876424,0,0,2,2,0
2023,Wisconsin,94529,-9,,0.067601582,,0,,188,,0
2024,Wisconsin,94529,-9,-9,0.068361087,0.067601582,0,0,156,188,0
2025,Wisconsin,94529,-9,-9,0.05257732,0.068361087,0,0,102,156,0
2026,Wisconsin,,-9,,,,0,,0,,0
2023,Wyoming,11269,-1,,0.58490566,,0,,93,,0
2024,Wyoming,11269,-1,-1,0.566878981,0.58490566,0,0,89,93,0
2025,Wyoming,11269,-1,-1,0.315508021,0.566878981,0,0,59,89,0
2023,Wyoming,34588,-1,,0.025157233,,0,,4,,0
2024,Wyoming,34588,-1,-1,0.025477707,0.025157233,0,0,4,4,0
2025,Wyoming,34588,-1,-1,0.021390374,0.025477707,0,0,4,4,0
2023,Wyoming,38576,-1,,0.264150943,,0,,42,,0
2024,Wyoming,38576,-1,-1,0.280254777,0.264150943,0,0,44,42,0
2025,Wyoming,38576,-1,-1,0.235294118,0.280254777,0,0,44,44,0
2023,Wyoming,47731,-1,,0.050314465,,0,,8,,0
2024,Wyoming,47731,-1,-1,0.050955414,0.050314465,0,0,8,8,0
2025,Wyoming,47731,-1,-1,0.042780749,0.050955414,0,0,8,8,0
2025,Wyoming,49714,-1,,0.320855615,,0,,60,,0
2023,Wyoming,80132,-1,,0.050314465,,0,,8,,0
2024,Wyoming,80132,-1,-1,0.050955414,0.050314465,0,0,8,8,0
2025,Wyoming,80132,-1,-1,0.042780749,0.050955414,0,0,8,8,0
2023,Wyoming,83964,-1,,0.025157233,,0,,4,,0
2024,Wyoming,83964,-1,-1,0.025477707,0.025157233,0,0,4,4,0
2025,Wyoming,83964,-1,-1,0.021390374,0.025477707,0,0,4,4,0
2026,Wyoming,,-1,,,,0,,0,,0
